video_id,video_title,author_name,published_date,category_id,views,likes,comments,length,keywords_count,subscribers
eKGh5cvqg2A,They Cut Him For This Catch...😭☠️ #nfl #shorts,BellProductions,2026-05-01 18:15:08,17,7012718,55633,369,00:00:13,17,27800
p_KnQ1zuCpY,Dunking in The Worlds SPRINGIEST Shoes 🏀👟,Hayden Jones,2026-04-29 18:47:00,17,16066715,376421,2502,00:01:01,0,1010000
ztGCAZvkJI4,Other team must have been in despair seeing this 😭 #basketball,Rim Reaper,2026-05-02 11:55:33,17,5240011,163919,1169,00:00:16,0,213000
JUPIScW1umY,Kentucky Derby 2026 (FULL RACE) | NBC Sports,NBC Sports,2026-05-02 23:46:01,17,2368012,22903,2147,00:05:50,21,5350000
qf0tl7RoLAU,Still Can’t Believe it🤯 #dingersornothing #wiffleball #baseball #shorts,AWA Wiffle Ball,2026-04-30 16:01:28,17,3855682,31398,1720,00:00:18,0,419000
GZ9pUGuMt1M,"T-Ball player hits ball and then chases after it, coach has to get him off the dogpile!",Rookie Sideline Reporter,2026-05-02 17:55:42,17,2615902,21323,59,00:00:18,2,11400
hIFyqGLTWwo,Shane McMahon on the BRUTAL Suplex Through Glass at King of the Ring 2001,Wrestling Explained,2026-04-29 22:35:39,17,4714419,149955,3256,00:01:08,6,31500
eK-o5prrfOs,ONE DRIBBLE FROM HALFCOURT?? 😭,Top Floor Hoops,2026-04-27 17:00:51,17,6818142,47239,7883,00:00:15,0,14400
g8lDprD3E58,Bro is a menace 💀,ESPN MLB,2026-04-29 01:21:38,17,3894952,64838,1887,00:00:17,6,537000
d9_uWbK8-d0,This Golf Shot Shouldn’t Be Possible,Dude Perfect,2026-05-02 20:04:13,17,2730374,59461,152,00:00:21,0,61900000
G3G_UTozE98,LeBron had words for Sengun 🍿,Bleacher Report,2026-04-30 05:30:13,17,4653637,92514,6453,00:00:22,2,4900000
gRjepLT18ck,He’ll be running all practice 😭😂 #shorts,MaxPreps,2026-04-30 23:00:48,17,1989391,73665,1224,00:00:36,0,3490000
aaw1g9-dlC0,How fake vs real hoopers get a new basketball jersey,Dame Universe,2026-05-01 00:12:24,17,5170340,37044,80,00:00:20,10,1470000
cElDJfe-d0E,Dude Wipes Perfect 🏀💩 #sports #dudeperfect #trickshot #basketball #funny @d@dudeperfect,insaneshayne,2026-05-03 00:58:38,17,1266575,17207,69,00:00:10,4,2250000
pvzKcwit4Jk,new foul pole?? 😳,Cam 23,2026-05-01 17:39:00,17,1684152,10120,233,00:00:21,23,113000
f8XOGaoTkQE,Is flag football tough or nah?🤔 #football #footballshorts #footballskills #footballplayer #memes,Backyard Athletics,2026-05-03 17:00:53,17,1360831,14813,172,00:00:23,0,184000
zTyeJMTysag,Devin Haney Had No Chance Against Crawfords wrestling skills 😭,Showtek Boxing Entertainment,2026-04-30 20:23:35,17,1932099,28023,982,00:00:16,29,49900
DJYyZAxulTM,"#7 76ERS at #2 CELTICS | FULL GAME 7 HIGHLIGHTS | May 2, 2026",NBA,2026-05-03 02:19:35,17,2136053,25702,4066,00:18:24,4,24200000
OlW14ZPB4JQ,Can I Stand Longer Than My Brother?,Thogden,2026-04-27 15:01:48,17,13517133,311337,984,00:01:00,0,2520000
Bwdor-ZB7z4,Y’all tryna see Izzy Abrams and Diesel Dart play this season? 👀,Overtime SZN,2026-04-30 19:18:53,17,1705144,40689,492,00:00:15,0,1070000
mtYxO59zOYI,Umpire ejects pitcher for throwing at batter after he called for time,JM Baseball,2026-05-03 02:34:14,17,1053821,8530,570,00:01:02,0,235000
57c7MQlCXp4,Behind The NBA’s Most ICONIC Photo… 🥶📸,BRIGHTR,2026-05-01 04:39:00,17,3280497,63895,218,00:00:31,5,21600
JxzqIzEVQNE,PSG vs. Bayern Munich: Extended Highlights | UCL Semifinals - Leg 1 | CBS Sports Golazo,CBS Sports Golazo,2026-04-28 21:29:59,17,2449271,35034,3352,00:13:53,18,2910000
HM3MSEJGOYs,LeBron robbed of DPOY? 👀,thekickclub,2026-05-03 08:29:13,17,1409166,29095,823,00:00:18,0,209000
P9NU5zJ7QbM,He Was Playing By Himself,Coach Clank,2026-04-25 11:36:00,17,8384197,118246,536,00:00:23,0,111000
pr9ZWs0V-f0,Make A Noise You Lose!,We Got Ice,2026-05-02 15:44:58,17,1416435,24317,98,00:00:28,0,494000
l3rtu7lKWiI,KENTUCKY DERBY 2026 REPLAY | Racing TV,Racing TV,2026-05-02 23:43:09,17,1297516,10227,211,05:02:01,0,221000
6vdhhIwqy0w,Speed Went Crazy in Front of Ronaldo Even He Was Shocked #shorts #ronaldo #viral,Foot Sparc,2026-04-27 07:43:43,17,6289775,0,19957,00:00:40,1,3150000
O39whHlOFto,There’s just no way Diego Pavia is 5’10 #nfl #nfldraft #ravens,Blitz Sports Media,2026-05-03 14:05:55,17,666900,3182,430,00:00:13,0,13800
soyvuuD3yu4,Gilbert Arenas Terrorizes Nick Young’s Son To Cheer Nick Up😂 #nickyoung,podcenral,2026-05-03 18:55:14,17,650190,30523,328,00:00:58,0,107000
bv4OuIz6QhY,"Hang The Longest, Win $100 vs. Strongest Kid",Jesse James West,2026-04-28 12:39:24,17,8216945,132591,138,00:00:25,17,9080000
PKIFjc4ImRQ,Chuck STILL Got It Wrong After ALL THAT 😭💀,HoopLists,2026-04-28 15:40:01,17,2515858,50637,386,00:00:55,24,100000
MB0OhkqlOeI,David Benavidez vs Gilberto Zurdo Ramirez - FULL FIGHT HIGHLIGHTS 😱🔥,House of Highlights,2026-05-03 05:28:11,17,1466083,17878,5100,00:08:00,4,17500000
KoKXpf3ze8o,Scout was AMAZED🤣🔥 #baseball #baseballszn #baseballlife #viralshort #sports #athlete #miketrout,BigBucketTony,2026-05-01 20:29:56,17,1103918,36184,239,00:01:12,0,132000
Rd9ZPNCUArY,Ranking TOP 5 Impressive Moments 😭😭 #usa,InstantRanked,2026-04-27 15:37:22,17,6298972,119294,102,00:00:28,49,39800
o-SKiGJyJUo,Selling then switching teams in basketball P.8 #shorts #basketball #sports #viral #hoops,Splashton Hoops,2026-05-02 18:00:54,17,1596394,34033,256,00:01:01,0,90100
31pQQqvnlm8,Does this actually work?🤯⛳️,Everythinggolf,2026-05-03 14:38:35,17,1542132,35521,174,00:00:26,0,14600
WHewCCl4nWo,#15u how far can a 15 year old really hit it #baseball #umpire #sports #mlb,UmpireCentral,2026-04-28 17:04:07,17,2344386,43746,365,00:00:38,0,167000
zgYhTrB2NZU,This choke defense is a*s (again),Tyler Spangler,2026-05-02 03:41:18,17,2452232,90265,2156,00:00:41,0,108000
IproHzlIZeE,When you’re paired with Jordan Spieth,Kangaroo Golf,2026-05-01 15:03:20,17,1474454,40985,833,00:00:56,3,138000
xYhWvhvp0sM,"Win This Video, Play on the PGA Tour",Grant Horvat Golf,2026-04-27 16:00:01,17,2706556,38358,5020,03:57:17,27,1690000
xtZvD-09SbU,Big bro ain’t afraid to send a message 😤,OTE,2026-05-03 14:31:44,17,664496,13223,206,00:00:10,0,977000
fs104VR_v_g,Top 15 Worst Umpire Moments in MLB History | Part 2,AP | MLB ⚾️,2026-04-30 01:22:53,17,2569591,38532,344,00:01:16,0,350000
GfDekE23_Tw,Rate the Double Celly (1 - 10) 🤔😂,Cole Acheronti,2026-04-29 16:19:23,17,1573828,24538,152,00:00:50,0,35700
3X-cfUid3Eg,He’s always sandbagging! 😳💀 @c4energy #c4partner #baseball #pitching,Hunter and Kevahn,2026-04-29 00:11:22,17,1693713,0,147,00:01:03,0,185000
PqWiRsjKpLs,LMAO! At least he didnt end up like Yoel Romero #ufc #mma #shorts,Scrap and Roll MMA,2026-04-30 21:45:49,17,1866828,61385,1475,00:00:33,0,19000
uY5PCHGGoAw,When you tries to get comfortable with your coach. #athlete #usavolleyball #sports #volleyball,Sport Vibes Network,2026-05-01 17:28:39,17,1383924,35607,77,00:00:10,0,52200
lt1-vfBRnqo,Hitting with a FLAT BAT (Illegal Wood Bat),The Baseball Bat Bros,2026-05-01 19:14:35,17,1039288,28557,268,00:01:23,7,1140000
9y1LtFsR-RI,Off the Ball‼️ #shorts,Good Drill,2026-04-30 22:00:12,17,2102241,72382,115,00:01:01,0,318000
34nzvOLlOQk,You Can Dodge… But Not Forever,Atakan E.,2026-04-25 22:35:35,17,2876293,56622,2506,00:00:59,0,42300
5gYys4GL7S0,Race Highlights | 2026 Miami Grand Prix,FORMULA 1,2026-05-03 20:06:03,17,5391611,110294,4184,00:08:24,14,14600000
rgUD0SoBhY8,What a smart goalkeeper… 🧐,Footy District,2026-04-27 19:37:27,17,9857907,245089,554,00:01:02,0,47600
xgEl2iurZuo,"“Bro, stop.  Please.”",Coach RAC,2026-05-03 15:01:46,17,498006,10730,95,00:00:14,0,656000
4gNiRo8VF_M,stepped on cleat??,Fuzzy,2026-05-01 23:07:00,17,845882,5596,117,00:00:10,3,617000
mYrvj14OZm8,These Volleyball Saves Should Not Exist,Veebz,2026-05-02 12:01:22,17,2874589,67868,155,00:00:37,0,225000
lN0CihZVgn0,What a majestic form? 🥹 #sports,Reaper Highlights,2026-05-01 12:40:44,17,1472883,21848,468,00:00:10,4,264000
2xGxSmY-FFM,Who Will Play on the PGA Tour? (The Q Finale),Bryan Bros Golf,2026-04-30 15:59:06,17,1394387,31864,3697,02:34:21,12,848000
YLipTfAHDSw,When Lil Bro Gave Ibaka A Challenge 😭💀,DunkTime,2026-04-27 20:39:43,17,10557496,66565,178,00:00:29,0,134000
Gqw6LzJXOB4,I Faced a National Champion Hitter,Trevor Bauer,2026-05-02 00:00:22,17,748371,14473,158,00:01:05,0,1160000
att3LSQNohM,LAST one REGRETS it 😅 #shorts,MD Productions,2026-04-28 22:38:09,17,2412193,66650,443,00:00:31,7,124000
wXGz0Sj--uo,Pitcher’s locked in AND showing off 😤,Blitzball,2026-04-25 22:00:54,17,6256267,109001,212,00:00:16,32,118000
BQhVLD_9DCw,"YOU LOST A PLAYOFF GAME BY 58 POINTS, CP3?",The Pat McAfee Show,2026-05-02 13:40:01,17,499955,14977,162,00:01:12,0,2990000
vmpkqFCHOSg,Who Sold Stunner The Best?,DeadFriendMovies,2026-04-26 16:01:22,17,2705395,74965,773,00:00:43,0,43100
zCQ8ks3JQvM,He Predicted The Kick💀 #mma #ufc #dominickreyes,Bunja Motivation,2026-04-24 19:44:17,17,2829872,110053,1753,00:00:38,0,91100
UGHwKhpHpEo,This was just perfect timing ❤️😂 #baseball #firsttime,TBD tribute,2026-04-29 21:29:38,17,1204214,23460,692,00:00:24,29,71400
s3s8YOliqto,Gotta be the most electric par 3 course youll ever play  Incredible,FULL SWING TV,2026-05-04 04:15:06,17,433249,1862,28,00:00:20,12,15100
naEOIYNpH9Q,BASEBALL GLOVE VS KOOL AID FOR 24 HOURS,White Rose,2026-05-02 07:44:22,17,523546,10297,150,00:00:44,0,36100
Yj8Hc0gNaBs,WHO DID IT BEST❓🤔 #goalkeeper #goalkeepertraining,Gino Harreman,2026-05-02 14:00:51,17,3308632,37317,77,00:00:26,0,1120000
8jezFhI06W4,The BEST SAFETIES Since 2000 👀 #philadelphiaeagles #baltimoreravens #seattleseahawks #skol,Caps Off Podcast,2026-04-26 21:16:07,17,1536293,52132,2120,00:02:08,0,27300
izcmr4avx4Y,This IS His Best Song Of All Time!!! #music #legend #michaeljackson,Tracktown Sports,2026-05-02 23:05:26,17,813321,14757,233,00:01:27,0,35800
8Wk--1NZlYg,Allen Iverson: The King of the Crossover #nba #basketball#alleniverson #shorts,HoopsRyoku,2026-04-29 11:47:23,17,1499379,26081,1017,00:00:57,0,58000
1k8ylqg5Moo,Which shots are illegal? Answers and Explanations #tabletennis,PingPongMaestros,2026-04-30 14:57:50,17,1968035,24413,53,00:00:56,0,665000
LlBm5QTTVvo,Jon Jones invited DC to break bread after calling this a “legendary moment” 😭💀,MMA Focus Daily,2026-05-01 17:00:25,17,1458926,28555,1684,00:00:19,9,55200
eULrCNQkLF4,Tara Davis-Woodhall Switching to the Hurdles?,RunnnSphere,2026-05-01 22:24:52,17,740763,19420,334,00:00:26,0,798000
flQP4JRsFe0,Ricky Williams On The Toughest Defenders He Faced,Animals Of Pray☨,2026-04-29 22:42:14,17,607488,15718,337,00:01:03,28,19000
5-Qu25EwB2w,when setting over is banned #volleyball #pov,POV Jacob,2026-04-24 01:48:27,17,7736178,123728,213,00:00:25,24,31900
mp74DTvvKxo,Messi Too Close?!,SH10Comps,2026-05-02 16:17:40,17,11182110,98652,517,00:00:16,0,1910000
8SCMI0t0lpo,Why you need a challenge system #mlb #baseball,Pitching Ninja,2026-05-01 11:48:11,17,690490,8803,749,00:00:24,0,296000
ObfmynD0who,Smartest move in baseball! 😅⚾️ #baseballszn #baseball #mlb #baseballhighlights #mlbhighlights,MLB SZN,2026-04-30 05:39:08,17,941530,3463,228,00:00:15,0,158000
-5KWF84Jqs0,that face mask was so cool 😮‍💨,NFL Films,2026-04-28 19:00:00,17,789474,14334,440,00:00:53,0,1380000
ZsJt4bJwsnU,Which one do you think was best?🤔 #gymnastics #sports #judge #reaction,YeeThree WAG,2026-04-29 15:35:31,17,6022971,106464,104,00:00:23,0,487000
8zFpA7UscWI,Top 5 Types Of Players At Park 😭🏀,TishawnBigballer,2026-05-03 22:55:52,17,505918,0,98,00:00:50,13,22200
DPmdBl9hr-Y,Are NFL stadiums getting worse? 🤔,Bovada,2026-04-30 21:00:20,17,638316,10213,861,00:01:23,1,17900
mfYMn5PKxjQ,Oh no 😅 (via @austin_cappro/TT),SportsCenter NEXT,2026-05-02 15:38:05,17,560509,15142,138,00:00:12,0,1490000
-_I9VRo_7ds,Mainoo winner in THRILLER at Old Trafford! 🔥 | Man Utd 3-2 Liverpool | Premier League Highlights,Sky Sports Premier League,2026-05-03 16:51:28,17,1440342,18061,2057,00:03:05,25,5910000
Sj1h8ajv91g,ALL-TIME UCL CLASSIC 🤩 | PSG v Bayern Munich| UEFA Champions League Highlights 🎥,Amazon Prime Video Sport,2026-04-28 21:04:32,17,1677109,16476,2360,00:05:00,12,949000
rzZZbrRNyuM,All-Time European CLASSIC! 🤯🔥 | PSG 5-4 Bayern Munich | UEFA Champions League Highlights,TNT Sports Football,2026-04-28 21:09:51,17,1091763,15677,1802,00:03:01,45,6360000
0XlphgCNbwQ,Sprint Highlights | 2026 Miami Grand Prix,FORMULA 1,2026-05-02 17:35:55,17,4210558,72600,2040,00:07:11,13,14600000
S9VFFYevvDI,Which Teams Do Referees Support? ⚽️,AwayDays,2026-05-03 10:19:20,17,477302,19852,284,00:01:10,0,618000
PHPXnL9L3J4,Ryan Giggs Forced Anderson To Take A Penalty 😅😮,Bona Fide Sports,2026-05-03 06:00:19,17,1006361,24253,405,00:00:40,0,171000
_1tbSlGqljE,Every KSI Step = 10p,John Nellis,2026-04-30 11:00:00,17,15423061,296355,309,00:01:00,10,13500000
-D6Hc1YpjYY,Funny Story of Eric Cantona Working at the Till,Instant Footy Pod,2026-04-29 10:00:00,17,771313,7645,231,00:00:54,2,12900
Ys1wQtB_GTw,Bus Trickshot Battle 🔥,FutbolEssence,2026-05-02 03:41:47,17,6437290,81298,94,00:00:22,3,264000
EpDOCKkFpy4,Miami Grand Prix extended highlights | F1 2026,Sky Sports F1,2026-05-03 19:43:36,17,304204,3414,593,00:16:22,35,1010000
ao10sfPjSKU,"Pochettino: Spurs Exit Regret, Inside Chelsea & Managing Messi at PSG | Stick to Football EP 127",The Overlap,2026-04-30 06:00:01,17,974470,11172,705,01:44:53,42,1670000
BrLQ627GGeM,Players Getting Cooked 🤯😆,Xendio,2026-05-03 15:27:58,17,10835161,113558,256,00:00:25,0,3970000
NggSjzJCxGM,Paul Scholes meets Ronnie O'Sullivan 🎱,"The Good, The Bad & The Football",2026-04-29 06:30:08,17,670063,6582,251,00:01:17,0,163000
1yZ-E0SM3LY,Incredible Stanković volley 😮‍💨,UEFA,2026-04-23 10:00:03,17,10272021,181237,2475,00:00:27,0,6650000
BWl0ZuwrOU4,How Smart Is A Man United Fan?,NathanConnorTV,2026-05-03 11:23:17,17,839321,27368,529,00:01:12,0,654000
fUdsI-YmySw,Shaun Murphy doing Shaun Murphy things! 👏,WST,2026-04-29 15:30:43,17,939873,7562,160,00:00:10,11,598000
8NpKtF7XBK8,Thierry Henry Gets Cooked On CBS Sports #footballrankings,PSK Futbol,2026-05-03 10:00:20,17,814763,18661,68,00:00:48,0,25800
Osr08bjRrKg,KOBBIE MAINOO WINS IT FOR UNITED 😳 #football,FootballFanz,2026-05-03 16:50:38,17,1716583,49379,360,00:00:48,0,49400
H6hNlMxdm5s,OUTSTANDING PERFORMANCE 🤩 | Jack Della Maddalena vs Carlos Prates | #UFCPerth Fight Night Highlights,TNT Fight Sports,2026-05-02 19:59:23,17,229551,3918,641,00:04:54,36,1280000
hbeccBhSeYE,Dictator Mbappé is ALWAYS Watching…. 👀,mydailyfootball,2026-04-30 18:30:00,17,7576024,84210,737,00:00:22,23,803000
xkvS-eetg0k,DEFENCE TO ATTACK AS GYOKERES SCORES!,Arsenal,2026-05-02 22:01:08,17,1790606,30620,326,00:00:29,30,5360000
7U6nq4FOhkM,Barcelona vs Manchester United UCL 10/11,T7 Legacy,2026-04-29 19:18:04,17,3004852,0,503,00:01:31,0,90700
WX3HQ6pneiU,Usain Bolt Almost Became the Next Ronaldo… 😳,Track World,2026-05-03 17:01:27,17,950862,10167,61,00:00:24,0,32900
kHGqRjy_yQg,Liverpool Playing In The Old Trafford Tunnel 😅,Premier League,2026-05-03 14:33:39,17,517007,9259,642,00:00:17,26,9540000
WXNgG3fEtAU,The angriest post-match interview ever?!,Sky Sports Football,2026-05-03 12:09:41,17,168361,1509,107,00:00:26,2,820000
5VqjrM6EEFQ,Ronaldo’s Professional Training School 📚🤯,Whistle On,2026-04-30 17:45:23,17,10411179,221400,398,00:00:52,0,2410000
NDaEiW6ZLuA,WHAT’S WRONG WITH THIS VIDEO? ⚽️🔥,Jeremy Lynch,2026-05-03 10:34:38,17,915859,11621,633,00:00:13,0,13100000
EPsvvN5-iK0,WHO HAS THE BETTER?,Pitch Side,2026-05-03 09:00:16,17,170225,2633,260,00:01:13,0,366000
3RuqJpPQr5E,Bro cooked at the end 🔥#football #futbol #soccer #funny #footballvideo,Forza Taktik,2026-05-04 03:45:39,17,662233,5888,159,00:00:45,0,478000
8zal8e6IwmM,"LEGENDARY ""BALL CONTROL"" GOALS 💫",JUKER,2026-04-27 17:15:20,17,9317092,109224,1199,00:01:09,1,68700
Ij_iJH9BguM,WHO’S BETTER⁉️ The Altinha was CRAZY👑🇧🇷 @Liriansantoss  #xntonio #shorts #football #soccer,ELASTICO KING,2026-05-01 16:46:18,17,1244872,29041,659,00:01:30,0,789000
09V_FfrKOFU,Arsenal launched a complaint to UEFA on the length of the grass at the Metropolitano 😳,CBS Sports Golazo,2026-04-29 18:19:07,17,944540,10501,807,00:00:30,0,2910000
SPU_nQkLJxM,SIDEMEN VS BIG WEDGE GOLF!,Big Wedge Golf,2026-05-04 15:58:10,17,198185,8899,424,01:39:28,34,827000
wvYrvXEvnhc,Naoya Inoue vs. Junto Nakatani | Official Fight Highlights,DAZN Boxing,2026-05-02 17:16:59,17,2592882,40146,3944,00:11:50,27,5010000
JlqoQ_7oBZU,This month will be the greatest footballing month of all time #soccer #football #championsleague,Matchday,2026-05-02 13:22:39,17,1292758,28528,481,00:01:07,0,45300
siM7FmzG3To,Send this to your duo,Jamie Breen On The Pitch,2026-04-24 16:01:35,17,4744364,73353,343,00:00:31,28,91700
vEbCGID1qFw,Mainoo MASTERCLASS! Man United 3-2 Liverpool MATCH REACTION!,The United Stand,2026-05-03 17:13:15,17,276349,7164,551,00:34:44,26,2260000
rdBuB-TfYIQ,DIFFERENT RULES IN SCHOOL FOOTBALL 📖 #soccer #rules #school  #football,LiamFP,2026-04-29 17:26:36,17,2982619,41030,222,00:00:59,0,734000
f2prYypnxCA,Thierry Henry Reaction To PSG & BAYERN Match 🤯‼️,Football Aura,2026-04-30 17:58:18,17,3238352,52661,538,00:01:01,39,30200
S2MlABHbjxY,Tommy Fleetwood's BEST bunker tip 😳,Rick Shiels Golf,2026-04-28 11:00:47,17,1398774,13744,92,00:01:12,35,3060000
ZLam9uJnylw,5️⃣ Top strikes in training! 🤳,Liverpool FC,2026-05-01 18:30:54,17,1627485,26142,242,00:00:26,31,12200000
O-pgXURGDYs,Who Can Reach The Highest? 😳,Celine Dept,2026-04-30 15:30:15,17,26105024,264677,1497,00:00:32,0,56700000
461v_rXz7OM,Every KICKUP = £1 ⚽️💵🔥,Luke Nuttall,2026-04-29 14:45:52,17,5493633,26955,40,00:00:25,0,2650000
xM5ahUvY6oA,Simon Jordan QUESTIONS Jack Grealish's conduct after being seen passed out in a bar! 🤦‍♂️,talkSPORT,2026-04-29 12:15:09,17,309673,1779,380,00:00:39,26,1850000
-8wdpqqXBiE,KOBBIE MAINOOOO 😍 | Man Utd v Liverpool | Highlights,Manchester United,2026-05-03 21:00:01,17,3612711,75627,2109,00:02:26,11,11000000
fcKAeJKz65g,"""footballers aren't afraid of anything...""",Unisport,2026-05-02 11:00:00,17,1098768,19492,230,00:00:14,10,5400000
rvIdVc5nQgg,"The World Cup Has A new Song, Again 🔥",Barca Legion,2026-05-03 23:05:06,17,576961,10193,636,00:00:36,0,853000
dlGPGgpXt8g,Sad Injuries 💔,L7 Football,2026-05-01 13:26:11,17,9341504,102105,545,00:00:23,17,2400000
zDafJOQmZVk,The hitch kick was beautifully unnecessary 🔥,RugbyPass,2026-05-03 19:35:50,17,184810,1163,15,00:00:17,0,316000
OJUj3NWmiLc,Bruno Fernandes To BREAK The Assist RECORD!? #football #footballshorts #soccer #funny,Able,2026-04-30 18:03:37,17,611450,13133,126,00:00:42,0,52700
686tJlywWlA,Goalkeeper Mistake Moments In Football,KickyRanks,2026-05-01 18:05:00,17,3814890,19651,75,00:00:44,0,13500
G3JAZy5DrJI,When Nobody Celebrates With You 💔,HEADER,2026-04-29 14:25:42,17,6464416,146567,762,00:00:30,0,278000
FRA_k-mpHew,This is Too Funny from Gerrard 😂👏,LeosGoals,2026-04-30 18:00:00,17,283043,3824,205,00:00:20,0,296000
uV953Ay035g,Jon Jones thanked Daniel Cormier for stopping him from falling and hitting his head,Delinquent MMA,2026-05-02 22:54:09,17,723156,15779,600,00:00:44,0,47000
FyDQ4tRXhBw,"""I didn't love playing for Harry Redknapp"" 🤯",All Out Football,2026-05-04 11:00:20,17,89454,742,91,00:01:19,0,28600
SEXLxk-zaJI,"“THE TITLE-DECIDER!"" | WE ARE YANITED #S2E23",angryginge13,2026-05-02 13:00:49,17,254854,10308,410,00:35:50,40,1030000
KWjVVfD2h7g,Absolute crashout 💀,Crac_ftbl,2026-05-02 04:42:48,17,5446096,85416,714,00:00:38,1,723000
QUrmTAGx4c4,GUESS THE WORLD CUP COUNTRY! ⚽️🎨🌍,Ben Nuttall,2026-05-04 14:00:46,17,126948,1383,8,00:00:34,0,4520000
KNqo86PJl4w,Can I Beat 12 Kids with BIG GLOVES? 🤔,The Scouse GK,2026-05-03 18:05:00,17,215704,2166,7,00:00:25,6,440000
oMSopmi0OPc,Jamaica storm to 2ND WORLD RECORD in 2 days in the mixed 4x100m with 39.62 #WorldRelays,World Athletics,2026-05-03 17:59:06,17,1145135,14895,387,00:00:21,6,2440000
f3wiUQwGGTY,Manchester United v Liverpool | Highlights | Premier League 2025/26,Stan Sport Football,2026-05-03 20:00:21,17,230994,1874,270,00:02:40,30,1030000
xcqrpFVSZ6I,The LAST Shot Was Insane!,Dude Perfect,2026-04-30 23:14:35,17,4290114,139957,390,00:00:37,26,61900000
N5tiOI2jdds,🔴 LIVE - Bonsoy Gold Coast Pro presented by GWM 2026 - FINALS DAY,World Surf League,2026-05-04 08:30:49,17,209334,0,13,09:14:41,20,1450000
wUiTP5j9u3A,Cleary taking no chances  #nrl,NRL - National Rugby League,2026-05-03 10:08:01,17,131456,1394,96,00:00:15,31,600000
x7Uy4BZWorY,NRL Highlights: Knights v Rabbitohs - Round 9 | NRL on Nine,NRL on Nine,2026-05-03 06:10:19,17,145203,1695,267,00:10:57,14,309000
FHAmiB_q0VE,Carlos Prates vs Jack Della Maddalena 🚨 | UFC Perth,UFC,2026-05-03 01:00:14,17,1130315,35520,2327,00:09:20,12,22100000
SlvQtWNLq2s,Espanyol v Real Madrid | LaLiga 25/26 | Match Highlights,beIN SPORTS Australia,2026-05-03 21:16:11,17,55347,322,50,00:03:36,21,237000
ZLLDkI_iEL0,He was completely serious about this 😳 #afl #footy #pickett #mark,AFL,2026-04-29 05:00:37,17,211234,2466,73,00:00:13,7,398000
K1aprvZAOnU,When Muay Thai Beats Boxing 💪✅ #ufc4,Nansend Sports,2026-05-02 15:16:10,17,1836266,63911,2303,00:00:36,0,244000
jk1sLxtsySQ,Rajasthan Royals v Delhi Capitals I Match Highlights I Game 43 IPL 2026 I Fox Cricket,Fox Cricket,2026-05-02 00:49:55,17,58598,197,31,00:12:20,23,621000
011qli61Fm0,Jamie Carragher and Gary Neville can't seem to agree,Sky Sports Premier League,2026-05-04 06:00:00,17,840997,12992,1481,00:00:33,9,5910000
51i7wYtOb5I,Is Michael Voss on BORROWED time at the Blues? - Fireball with Kane Cornes and David King,SEN Sports,2026-05-04 03:35:37,17,32746,429,228,00:56:16,5,47700
Fi3KWpqzSj0,"Panel clashes over Lions whiteboard, Showdown epic, & the Tiger who stood up - Sunday Footy Show",Footy on Nine,2026-05-03 06:30:00,17,24225,223,82,01:24:44,24,64900
Uu852BXQc5Y,"""He is NOT a leader!"" 😳 | Kingy GOES IN on Carlton players after loss to Saints | First Crack",Fox Footy,2026-05-03 23:41:30,17,35955,286,105,00:08:50,0,54400
k5CL87FRc_Q,Peninsula Kingswood Best in Australia?,Ron Chopper Golf,2026-05-03 08:11:14,17,42114,1869,142,00:49:59,8,87700
U111uQCv6yc,Jannik Sinner vs Alexander Zverev For The Title | Madrid 2026 Final Highlights,Tennis TV,2026-05-03 16:56:45,17,1012985,14399,2546,00:08:08,10,2040000
NI8TnsAwkRc,ROUND 3 TKO 💪 | Jack Della Maddalena vs. Carlos Prates | UFC Fight Night Mini Fight Highlights,UFC on Paramount+,2026-05-02 14:28:00,17,274576,4122,556,00:00:58,1,64200
TbTtG-hT12Y,450 Class Highlights | Round 16 Denver | Supercross 2026,Monster Energy Supercross,2026-05-03 03:10:46,17,187750,2132,140,00:03:43,15,745000
n_Mhlo5paHM,Chuck TROLLS Shaq During His Jersey Number Quiz 😂,HoopLists,2026-05-01 00:00:55,17,1539932,58388,581,00:01:00,8,100000
2sT7GPS8AMQ,Those Dude Perfect lads are pretty good at rugby 👏🏽,All Blacks,2026-05-04 07:00:03,17,144210,1373,22,00:00:18,4,1350000
FwocNeSLkkI,Handre Pollard finishes an outrageous try 🥵,United Rugby Championship,2026-05-03 08:11:35,17,201352,2426,21,00:00:38,0,244000
BvUQ34710ds,BWF Uber Cup Finals 2026 | China vs Korea | Final,BWF TV,2026-05-03 13:31:58,17,224004,953,98,05:13:55,9,3580000
f8UVc6jPK84,RCD ESPANYOL 0 - 2 REAL MADRID | RESUMEN LALIGA EA SPORTS,LALIGA EA SPORTS,2026-05-03 21:10:06,17,1999818,39200,1151,00:03:15,18,14400000
Hc01YvoOxb0,He Jumps 21.86m! 💪 (1cm from Dutch Record! 🇳🇱),Fierljeppen,2026-04-30 13:12:16,17,11153413,44705,80,00:00:13,0,37200
Zi9oVBvqp7k,LeBron was draining 3s #LebronJames,Chris Brickley,2026-04-28 05:31:25,17,2758631,43265,1079,00:00:31,0,66900
omfiHHm5P5M,The Cheapest Pickleball Paddle! #pickleball,Shea Underwood - Pickleball,2026-04-28 00:03:29,17,1885782,47353,129,00:01:35,0,104000
rMT_mjJvl3o,Would Reece Walsh make the PNG move? #NRL #RugbyLeague,FanaticsTV,2026-04-30 07:40:34,17,72717,789,90,00:00:32,0,90700
0HHDENtUEoc,NBA WHO AM I IN 60 SECONDS!,The Deep 3,2026-05-03 23:36:20,17,348063,24769,169,00:01:07,1,724000
dV_JU6yN-ws,"""A mighty effort!"" 💪 Foran praises Walsh's star turn despite Panthers loss | Manly Press Conference",Fox League,2026-05-03 11:07:50,17,20210,255,80,00:07:39,0,165000
7QTPGn-rzbE,Don’t Be That Guy 🥲 (@uci_mtbworldseries),The Athlete Feed,2026-04-21 14:32:22,17,4288428,43808,220,00:00:20,0,65400
WIx6XhOL80o,I BOUGHT A MYSTERY BALL FOR $50??,White Rose,2026-04-22 21:10:21,17,4664621,153047,616,00:00:37,0,36100
479lsVK2Dow,Can you do it faster than DJ? ⚡️ | #RoyalsFamily #Viral #Shorts,rajasthanroyals,2026-04-29 06:01:09,17,10033074,151023,439,00:00:41,0,2250000
jtsMrCpHE4g,Everyone’s posting aesthetic versions of Bengaluru’s first summer rain | Tim David,Royal Challengers Bengaluru,2026-04-29 13:32:54,17,15920610,312337,1179,00:00:24,0,5750000
SpIqbb7HKaE,All good between Tilak and Jamie 😅 | #MumbaiIndians #OneFamily #TATAIPL #CSKvMI,Mumbai Indians,2026-05-01 12:59:00,17,4996273,88983,188,00:00:11,5,8070000
sDMINU7SlbY,Doubted Rutu? | Time to Switch Sides! #ipl #ruturajgaikwad #csk,Ashwin,2026-05-03 07:36:54,17,834284,21109,187,00:00:31,24,1870000
jQhwkEtSdKo,😱॥ आमना-सामना ॥ Virat Kohli V/S Ms Dhoni 🤩🏏 #cricket #reels #viral #shorts #foryou #ytshorts #ipl,Abhi Yadav ,2026-05-01 02:32:59,17,2324370,16862,58,00:00:34,19,7210000
HVsF5XINLXk,Gully Cricketer Vs Academy Player 😱 #cricketwithvishal #shorts,Cricket With Vishal,2026-05-01 03:00:00,17,2024266,36044,55,00:00:43,1,8550000
J0u3K9iLznY,Sunil Narine speaks with Rinku Singh's Family After LSG Win | Knights TV | KKR 2026,Kolkata Knight Riders,2026-04-27 02:30:00,17,8329906,128498,522,00:00:20,0,2720000
2qm3oksQpAA,Will the boys arrive for the match on time? #UberIndia #SRH #Pachisi #UberBike,SunrisersIPL,2026-05-02 11:41:21,17,1411173,32488,203,00:00:16,0,1620000
3t-DsW4KVDk,"Move over, openers! Yuzvendra Chahal is coming for your spot! | #TATAIPL 2026",Star Sports,2026-05-03 16:17:35,17,708481,22133,102,00:01:25,0,9800000
z__tx6UXtZA,"You're a fool, Solo Sikoa! 😭",WWE,2026-04-30 19:10:00,17,1663784,28581,226,00:00:14,13,113000000
dB49KzkSfEo,"Nitish bro, you very chalak bro 😂",Delhi Capitals,2026-05-04 16:38:18,17,135138,5364,81,00:00:39,13,1900000
B10r862MT0I,IPL Funny Cricket Quiz Part 3 #shorts #ipl #cricket,Tamil Cricket News,2026-05-02 12:00:14,17,183496,13548,49,00:01:30,0,271000
3Molt783zLg,Batter you’d love to dismiss someday?🏏 Favourite match with #RCB❓Watch Suyash Sharma,Cricbuzz,2026-05-04 03:30:02,17,256900,10475,87,00:01:16,0,2920000
83GJM1S0FnE,Qualifying Highlights | 2026 Miami Grand Prix,FORMULA 1,2026-05-02 21:41:20,17,3738053,69119,2439,00:08:01,10,14600000
12evjZCiqTk,ఈ సీజన్‌లో వైభవ్ సూర్యవన్షి కంటే బెస్ట్ ఓపెనర్ ఎవరు? 🤔| #TATAIPL 2026,Star Sports Telugu,2026-05-01 03:30:45,17,263511,6771,84,00:01:20,0,309000
Eg6JP7-osRI,"CSK beat MI in Elclasico, Playoff hopes still alive #aakashvani",Aakash Chopra,2026-05-03 01:30:00,17,194291,8636,659,00:15:45,24,5210000
w3SpnAav3Zo,CSK Posukified MI! | CSK STORM BACK INTO THE PLAYOFF HUNT! | CSK vs MI Review | IPL 2026,Cheeky Cheeka,2026-05-02 22:50:22,17,134345,5247,794,00:39:05,15,548000
piqxJZgkt4c,"SRH vs KKR | GT vs PBKS | Match Prediction | IPL 2026 | Match - 45, 46 | Today Match Prediction",Anurag Dwivedi,2026-05-03 01:31:10,17,734665,11565,8718,00:20:04,18,7290000
cDo2ptwUGeI,"🔴MI VS LSG: ROHIT का जोरदार COMEBACK, RICKELTON OUTSTANDING, 228 पड़े कम, MI's 3rd WIN, LSG बेहाल👎",Sports Tak,2026-05-04 18:51:36,17,73041,1564,46,00:58:35,26,7900000
p58yszb3qd4,Leave when you hear a more dangerous T20 batter than Abhishek Sharma,ESPNcricinfo,2026-04-23 05:31:42,17,1467153,28125,523,00:01:01,0,1960000
inSUw1k4HSQ,CA Osasuna vs FC Barcelona | LALIGA 2025/26 | Extended Highlights,FanCode,2026-05-02 21:22:54,17,115296,4475,64,00:12:13,4,2250000
zVN6X2stggE,Rapid Fire ft. #IPL2026 🔥#CricItWithBadri,Cric It with Badri,2026-04-30 03:33:23,17,192955,4128,48,00:00:20,0,356000
0hXlzOl95KU,The Script is REAL! 🤯 Top Teams Collapse | GT vs PBKS & SRH vs KKR Reviews | GBB Cricket,GBB Cricket,2026-05-04 00:40:10,17,74370,5433,429,00:19:05,24,623000
MuLLND0jQ0Q,"It may be the Furnace, but it's the sprinklers that the Head Coaches had a close call with. 😂 #ISL12",Indian Super League,2026-05-01 13:34:10,17,87300,2036,5,00:00:10,0,2550000
Me3YTxbUZ2k,"After the game ends, he’s just a son asking “𝙆𝙝𝙖𝙖𝙣𝙖 𝙠𝙝𝙖𝙮𝙖?”🫶",PUNJAB KINGS,2026-04-30 08:56:48,17,210233,5506,37,00:00:20,0,864000
Rvf_dyRElIg,🚨SRH 244 Chase Destroys MI & Wankhede Records!🔥Head|Klassen|MI vs SRH Match 41 Highlights|IPL 2026,Filmy Poster,2026-04-29 20:21:46,17,139429,1903,25,00:10:04,22,698000
hdh_-prw240,OSASUNA 1 vs 2 FC BARCELONA | LALIGA 2025/26 MD 34 | TITLE TWO POINTS AWAY 👀🏆🔵🔴,FC Barcelona,2026-05-02 21:19:12,17,1417953,38647,1047,00:03:19,51,25700000
TYWr_5oyKow,MW 11 Championship Round Highlights | Shillong Lajong FC 4-0 Chanmari FC | Star Cement IFL,Indian Football,2026-05-02 15:17:07,17,39916,1629,204,00:08:36,12,1170000
AJkmzGjYGIg,MI പുറത്തായോ?ഒരോ ടീമിനും പ്ലേ ഓഫിലെത്താനുള്ള സാധ്യത എങ്ങെനെ? വിശകലനം | IPL 2026 Playoff Scenario,Raf Talks Cricket,2026-05-03 05:26:35,17,17165,846,85,00:05:08,41,258000
24u0g3GrhkA,DC vs RR: मैन ओफ़ द मैच बन रो पड़े KL RAHUL ने Vaibhav को अवोर्ड दे कहा ऐसा सुन करोगे सलाम,Sports Edge Cricket,2026-05-01 22:37:16,17,52824,790,76,00:09:44,0,4390000
CMhj6ut9UI8,LIVE: Lancashire Women v Hampshire Women | Women's Metro Bank One-Day Cup,Lancashire Cricket,2026-05-02 15:29:23,17,54074,534,0,05:55:38,8,180000
Ifes3klKALU,క్లాసేన్ సంచలన నిర్ణయం.. నాకు ఇక ఆడాలని లేదు..! | NTV Sports,NTV Sports,2026-05-02 11:29:06,17,66109,695,22,00:01:42,22,714000
eRdy3RqyfsM,CSK vs MI Dream11 Prediction| CSK vs MI Today Match Prediction| IPL 2026 Match 44,CRIC11 FORECAST,2026-05-02 07:30:18,17,30126,1195,89,00:12:01,20,1380000
EzGZK30rnUs,Conor Gallagher's First Spurs Goal! | Aston Villa 1-2 Spurs | Premier League Highlights,Tottenham Hotspur,2026-05-03 21:55:00,17,824985,14170,643,00:02:15,6,4980000
19yqxOmo1uo,When Murali had Nasser in a spin! 🤣 #cricket #shorts,Sky Sports Cricket,2026-04-17 10:09:19,17,4507379,54962,377,00:00:32,4,752000
KttmIHZq7vs,HIGHLIGHTS | Espanyol 0-2 Real Madrid | LaLiga,Real Madrid,2026-05-03 22:06:20,17,343800,13206,714,00:02:26,27,19600000
_65KOSqcvn0,Carlos Prates Octagon Interview | UFC Perth,UFC,2026-05-02 14:20:38,17,322623,7335,1098,00:03:29,6,22100000
GyUITvDHQgo,Why Did Marcus Stoinis Do This?,New Zealand Cricket,2026-04-21 19:30:06,17,1993897,25207,94,00:00:14,3,1960000
SPkH-9D0vJY,Smallest Bat vs Biggest Bat 🏏,Dude Perfect,2026-04-01 22:24:48,17,15887486,113703,346,00:00:16,25,61900000
T0AVZIGACnY,EXTENDED HIGHLIGHTS | Man City 2-1 Southampton | Two late goals send City into the FA Cup final!,Man City,2026-04-26 11:00:51,17,865413,13969,469,00:09:17,31,9260000
XlDaceE0FEA,プロ野球 ヤジに神対応する選手たち,YAKYU Ch.,2026-04-29 07:00:35,17,7566163,88803,645,00:00:46,0,32300
YBJeblt4Clk,ホームランを打たれない最高の方法 #野球,1分運動時間,2026-05-02 03:00:37,17,1554626,7471,75,00:00:25,0,25800
mm4qji7bn9Y,マー君に打ってほしかった岡田顧問 #阪神タイガース #プロ野球 #岡田彰布 #野球,MKTSports,2026-05-02 00:01:00,17,1777054,7689,399,00:00:40,2,18600
9x00hbM3ktw,アジアカップ決勝 大逆転劇 #感動 #サッカー #ワールドカップ #サッカー日本代表,感動ストーリーラボ,2026-04-30 11:00:30,17,2534979,9980,312,00:00:41,0,57100
nrhkn-JyJwc,全盛期のレブロンが最後を譲った選手 #バスケ #バスケットボール #nba,バスケットマンへの道,2026-05-01 12:15:08,17,2032124,15540,253,00:00:58,0,19300
uJPQtQj_1yE,㊗️100万再生！吉田正尚が代打で出場！チャレンジ成功後にフォアボールを選び出塁！出塁率は4割！,MLBサムライSPORTS【大谷翔平】,2026-05-02 23:34:08,17,1132573,5553,125,00:00:16,0,221000
FGZEbFyvqjY,｢勝負させろ｣満塁策に揺れるエース #プロ野球 #野球,ベースボールブレンド,2026-05-02 11:43:09,17,1348822,5362,233,00:01:47,7,43300
uoESQGSl5I8,【大谷翔平】相手監督へのまさかの行動に感動,野球雑学おじさん,2026-04-29 12:00:00,17,3057383,23827,422,00:00:39,8,48900
iTRGjDlRuOM,ベネズエラ野球が強い理由,スポログ,2026-05-02 02:30:37,17,1173335,3615,162,00:00:10,0,82700
cnDH3kOJEOk,試合後に意識不明になった元プロボクサー・重岡銀次朗さんの現在【クロ現】| NHK | #shorts,NHK,2026-04-28 08:00:42,17,3403230,17078,746,00:01:03,7,4550000
llQS1CSzlJQ,"井上尚弥 vs. 中谷潤人 , 試合 ハイライト\ Naoya Inoue vs. Junto Nakatani  - Highlights",KaibutsuBoxing,2026-05-02 22:26:41,17,2384100,9836,1224,00:12:58,0,130000
o53G28bwySQ,〈第1ラウンド〉井上尚弥 vs 中谷潤人 | 世界統一スーパーバンタム級タイトルマッチ12R,Lemino,2026-05-02 13:16:12,17,1330734,4898,1145,00:03:53,0,637000
GgwZcqL94Io,武尊が計量オーバー&反則の相手を成敗。#武尊 #rizin #shorts,格闘コメディ,2026-05-01 07:58:30,17,1268643,7891,139,00:01:53,0,33800
v9T58Gi3OjY,レジェンドが「井上尚弥vs中谷潤人」への本音を暴露した瞬間・・・ #ボクシング #格闘技 #井上尚弥,格闘王,2026-05-03 08:54:17,17,1147990,5434,350,00:01:15,0,138000
GPcstpg3_y4,なぜGKは真ん中に立たない？ #サッカー,アシフットボール-葦フットボール,2026-05-01 09:00:21,17,1405817,4944,64,00:00:29,0,109000
7v49nd7StfE,井上尚弥 🇯🇵 vs 中谷潤人 🇯🇵 現地映像 Naoya Inoue vs Junto Nakartani 4団体統一 世界スーパーバンタム級タイトルマッチ,Live Boxing Video,2026-05-02 17:07:42,17,1054965,7061,672,00:41:25,8,72000
ITtX3b6gmu8,IQの高さで試合を支配するヨキッチ　#shorts,まっつんワールド,2026-04-29 10:35:00,17,1685046,13654,60,00:00:32,3,184000
YGLjxTne5NA,【テル！】田中将大が四球と勘違いした佐藤輝明を呼び戻す｜DAZNでプロ野球公式戦配信中,⚾️DAZNベースボール,2026-05-01 11:50:31,17,1500240,5070,320,00:00:25,4,23600
nSl2ORphN5k,I Thought It Was Easy… She DESTROYED Me 😭🏀 #anklebreaker #streetball #1v1basketball #girl,I CAN'T STOP ,2026-04-20 17:32:14,17,11408402,0,1117,00:00:15,1,11500
6Njn0RfncsU,【日本代表GK対決】キッカー・谷晃生！早川友基との駆け引きを制する,Jリーグ公式チャンネル,2026-05-04 03:00:12,17,560483,4202,71,00:00:16,0,994000
BhB3Jsmy3Hs,【天才】メッシがプレー中に緊急停止した理由#サッカー解説 #戦術分析 #シュート #shorts,サッカー革命家チキン,2026-04-24 13:54:52,17,5348237,12514,137,00:00:38,0,225000
3-Sjomta2xk,井上尚弥と中谷潤人の判定結果を疑問視する井上尚弥 #井上尚弥 #中谷潤人,セカイのヒミツ,2026-05-03 11:27:09,17,1008537,6517,895,00:00:40,0,31300
gX3SkHMXv1U,【鉄平】落合博満がトレードに出した本当の意味とは #プロ野球 #中日ドラゴンズ #東北楽天ゴールデンイーグルス  #野村克也,プロ野球ストーリーズ,2026-05-02 21:00:00,17,819888,6551,154,00:00:58,0,12600
KKsqVY6FKlY,【武道・筋トレ】大腿部75cm超えのストロングマンにローキックは効くのか！？やってみた！！#aikido ＃karate #martial #武道 #空手＃合気道＃筋トレ#selfdefens,YASU道,2026-05-04 09:00:33,17,490616,8026,213,00:01:00,56,261000
yN8JSnAwuaA,【戦慄！笑顔で腕十字を極める合気娘】総合格闘技 vs 合気道 #異種格闘技戦 #aikido,AI夢広場,2026-05-03 11:01:26,17,597131,3577,19,00:00:16,0,42300
ZR5QRBsYQb8,佐々木朗希の「癖」を見抜いた山本由伸￼￼,クラウド21,2026-04-26 13:00:54,17,3685695,21981,560,00:00:20,16,145000
-29iKcR7mGY,Naoya Inoue vs Junto Nakatani #boxing #naoyainoue #shorts,Hass The Fight,2026-05-02 15:06:27,17,1056350,6703,401,00:00:40,3,12000
n60akfJARds,覚醒したゴールキーパだったけど,フットボールワールド,2026-04-29 10:45:05,17,1445648,8802,117,00:00:16,38,33200
iYgEs_Q01rM,魔裟斗にボディを受ける女子空手選手 #格闘技,格闘ワン,2026-04-25 12:15:07,17,4383940,13806,279,00:00:43,0,70300
5isHiXQBt84,【村上宗隆 5月最初の試合でメジャー単独トップの第13号3ラン！】ホワイトソックスvsパドレス MLB2026シーズン 5.2,SPOTVNOW,2026-05-02 02:28:21,17,2447531,22443,2808,00:04:13,3,1700000
BKLyksa18Bo,【体操選手なら能力テスト全クリできる説】#shorts #体操,【現役体操選手】シダックス shidaks,2026-05-04 03:00:21,17,654908,8129,40,00:01:00,0,1170000
ao-N886fYHk,2012年の自分に言っても信用されない水原一平,日ハムファンが語る。,2026-04-30 11:20:00,17,1285227,19506,278,00:02:00,3,144000
CxXkeRZTlKo,代走尾田がまたしても盗塁失敗…怒る権藤、フォローする内川、呆然の井上監督,軍曹(ぐんそー) ch,2026-04-29 14:43:04,17,1365713,3895,682,00:00:38,0,18800
3Zv7PGv3z-s,たった一振り,スポビト,2026-04-26 01:00:02,17,2932499,28826,980,00:00:40,0,86800
TGfAlEE7W58,鎌田とマテタの絡み,じょり 𝑱𝑶𝑹𝑰,2026-05-02 09:16:48,17,725678,7659,147,00:00:24,0,91100
DLj2P_PKDdw,【マンチェスター・U v リヴァプール｜ショートハイライト】プレミアリーグ25/26 第35節,U-NEXT フットボール,2026-05-03 21:00:10,17,466659,4295,664,00:04:24,26,394000
JdjNx0w3km4,中谷潤人を退け、未だ頂点に君臨する「怪物」井上尚弥。優勝おめでとう！,JMMA,2026-05-02 15:16:55,17,1039580,11223,537,00:01:55,8,44400
Zzcy6qI9RAY,見てくれこの弾道#football_park_classic,Football Park Classic,2026-05-02 09:00:50,17,529948,1038,56,00:01:00,1,95700
e4HcKk9N0GA,Top 15 Worst Umpire Moments in MLB History | Part 1,AP | MLB ⚾️,2026-04-29 19:35:00,17,4021447,33716,257,00:01:14,0,350000
s0qJ-ShCZRw,近本のデッドボールに対して、藤川球児監督、静かなる怒り #阪神タイガース #近本光司 #藤川球児 #shorts,違反球チャンネル,2026-04-26 10:52:20,17,2395019,11917,1507,00:00:18,0,24000
jvK6dmf1yQ8,朝倉未来を動かした意外な人物…,【公認】ブレイキングダウンまとめ,2026-05-03 12:51:04,17,346682,1270,128,00:00:25,0,153000
uzT_0molb4g,「彼は誰よりも早く現れる」同僚投手が明かした、村上宗隆がシカゴで愛される“本当の理由”,ベンチの笑い声,2026-05-01 23:08:20,17,742026,7505,204,00:01:39,0,15700
4sOw046WSb0,上田綺世が驚異的なボールキープで試合を締める！ #日本代表 #サッカー,ぷあたんアカデミーMk2,2026-04-26 02:00:04,17,1731630,5670,164,00:00:21,0,78700
MjuqVI0L64c,㊗️100万再生！満塁の場面でまさかのピッチクロック違反！？,スポキャッチ【MLB】,2026-04-28 04:42:32,17,1410109,2559,44,00:00:14,0,44400
gAg6B74vJ5E,盛り上がりがすごかった❗️,ラスチェッソ,2026-05-01 22:26:08,17,653501,4954,160,00:00:38,1,11600
mIshVN9KTeI,【バレーあるある】一流指導者の考え方,バレーボールと芸人さとゆり,2026-04-30 09:01:12,17,739015,8158,25,00:00:28,0,130000
WtgWwAZhYN4,【ONE SAMURAI 1】武尊 vs. ロッタン【ハイライト】U-NEXTで独占ライブ配信中！,U-NEXT格闘技公式,2026-04-29 13:15:29,17,649119,2730,814,00:02:30,3,99100
JSl9GhdP4z0,【歴史に残る大接戦】2026年 天皇賞(春)ＧⅠ  クロワデュノール　実況：川島壮雄 【カンテレ公式】,カンテレ競馬【公式】,2026-05-03 07:05:31,17,575704,4960,1403,00:04:16,6,534000
gz4SdzrjV24,ブルージェイズ岡本和真が３戦連発９号,Baseball Archives,2026-05-04 00:19:40,17,352844,1639,26,00:00:43,6,25700
NZR_xy7geGc,【この打ち方の凄さ…わかる？】 #ソフトボール #野球 #softball #甲子園 #好プレー集#日本代表,黒かめソフトボールチャンネル　Black turtle  softball,2026-05-03 22:00:22,17,209858,202,72,00:00:11,0,76400
SYDqLIf1gDc,【パリ・サンジェルマン vs バイエルン】UEFAチャンピオンズリーグ 2025-26 準決勝 1st leg／3分ハイライト【WOWOW】,WOWOWサッカー official,2026-04-28 23:48:52,17,1170359,11324,1872,00:03:19,39,321000
e-OI9RnGYIs,こんなことあるんだ#野球 #mlb #ルール #審判,審判員ジェイのわかりやすい野球ルール講座,2026-05-01 08:00:42,17,482853,311,7,00:00:19,0,27200
VU7B0cFiXRI,NAOYA INOUE vs JUNTO NAKATANI - UNDISPUTED SUPER BANTAMWEIGHT  TITLE! 井上尚弥 vs 中谷潤人 ライブ (PODCAST),Filipino Brothers,2026-05-02 14:12:56,17,1561382,10601,6,06:44:02,20,571000
1G2BnjpPa3s,宇佐美正パトリック BreakingDown勢を一蹴！あいつらは所詮カス【RIZIN.53】,RIZIN【切り抜き動画】チャンネル,2026-05-02 04:08:40,17,511900,3238,398,00:00:21,10,172000
f6C9BUxH960,【澤村拓一が選ぶ】理想の野球選手作成ゲーム,スポーツナビ 野球チャンネル,2026-05-02 03:00:45,17,442211,2394,62,00:00:42,4,310000
rWVLiRzo8Vk,レオザが試合前のサポーターに要求した事とは？,レオザマニア【Leothefootball】公認切り抜き,2026-04-30 21:40:00,17,568617,7312,40,00:00:26,0,158000
el2fmfzIOXg,Takuma Inoue dominó sin discusión: derribó dos veces a Kazuto Ioka,NotiFight,2026-05-02 13:00:31,17,303228,1067,69,00:00:20,0,12400
sPTj12PzY2M,鎌田大地が絶妙なスルーパスで敵を粉砕してしまった試合！ #サッカー #鎌田大地,サッカーの時間です,2026-05-02 10:30:34,17,357879,1207,14,00:00:32,0,22700
EaV80P8vL90,元キャッチャー打線を組め！ #プロ野球 #野球 #村上宗隆 #田中将大 #近藤健介,ハムショーのスポーツ実況ch,2026-05-04 07:38:00,17,260090,4256,288,00:01:01,0,398000
gobzakmZ6z0,時代遅れの根性論にブチギレた伊良部秀輝に関する雑学【プロ野球/NPB】,四郎の野球研究所,2026-04-30 08:00:49,17,594523,2138,79,00:01:02,24,15200
zVqyetCJ40g,中谷が試合後に投稿したコメント　#short #井上尚弥 #中谷潤人,格闘ネズミ,2026-05-03 09:43:56,17,361835,7100,325,00:01:04,0,14800
A9R7ndRvjQk,Naoya Inoue's brother Takuma Inoue's impressive win over Ioka to defend his bantamweight title 👏,Ring Magazine,2026-05-02 12:04:01,17,503648,4205,188,00:00:44,0,1210000
1a0DMQYejHk,【プロ野球】山本由伸のフォーム推移 #npb #野球 #プロ野球 #mlb #山本由伸,野球の木,2026-04-28 09:00:07,17,934460,7424,150,00:00:35,0,23300
zSC9eU4hnlc,エスコンで飛んではいけないレベルの特大ファール #shorts,(パーソル パ・リーグTV公式)PacificLeagueTV,2026-04-21 14:30:48,17,3226407,17689,127,00:00:24,5,1670000
gbV_QRCYQ2Y,【ハイライト】F1™︎ 第4戦 マイアミ 決勝｜2026【特別公開】,フジテレビ Fチャンネル,2026-05-03 20:46:25,17,462036,5359,336,00:14:18,51,140000
w41JPyra7bs,【井上尚弥vs中谷潤人】2026年5月1日前日計量,【公式】ds ボクシング - Presented by Lemino -,2026-05-01 05:00:51,17,1119068,12687,860,00:01:00,0,64000
ABX1r7hDkyk,丸山和郁選手 史上73人目のサイクルヒット達成！ #swallows #丸山和郁 #shorts,東京ヤクルトスワローズ,2026-05-01 11:53:09,17,539023,8167,298,00:00:30,7,287000
dEQSYYoJo4U,Naoya Inoue vs Junto Nakatani #boxing #highlights #knockout,PetrovBoxing,2026-05-02 13:57:02,17,593936,5479,236,00:00:41,17,20300
iaC0eLNt5jw,審判が大谷を呼び戻したまさかの理由,鳥肌が立つ雑学,2026-04-24 11:01:19,17,1695737,6777,30,00:00:25,0,21800
VPnr3JCz-_s,2026年 天皇賞（春）（GⅠ） | 第173回 | JRA公式,JRA公式チャンネル,2026-05-03 07:25:49,17,274130,2688,467,00:03:32,50,1080000
492ZKlnh154,投手イチローから右中間へ豪快タイムリー【高校野球女子選抜 VS イチロー選抜 KOBE CHIBEN】#Shorts #イチロー #森﨑杏,【公式】TBS スポーツ,2026-04-26 10:00:00,17,1128791,3681,124,00:00:37,58,594000
nOh2y5oRXuU,㊗️100万再生🔥大谷翔平”恩師”マッカローとの再会で見せた“神対応”が泣ける…,スポーツアンテナ,2026-04-28 03:23:26,17,1062799,11824,195,00:00:32,14,145000
q0Wm2spWlY8,八村塁が語った【世界一簡単なシュートとは？】#shorts #バスケ #nba,コービーを愛する男,2026-05-03 02:44:46,17,199525,1936,55,00:01:06,0,42400
zKfo61vPXf8,"[プロ野球]""ア""から始まる助っ人だけで打線組め!!#プロ野球 #野球#セリーグ #パリーグ",ギー太 ホークス応援チャンネル,2026-05-03 09:11:37,17,264954,2889,228,00:01:53,0,72400
mwGPyMwVzkQ,【5月3日 阪神-巨人 ハイライト】サトテルがまた打った！！才木の奪三振ショー！！無双状態突入！！阪神タイガース密着！応援番組「虎バン」ABCテレビ公式チャンネル,虎バン 阪神タイガース応援チャンネル ABCテレビ公式,2026-05-03 07:57:01,17,368923,4209,562,00:09:43,0,593000
VoMn4z75feA,新日本プロレス『レスリングどんたく 2026』(5.3) 金丸を絞るとウイスキーが!? #shorts,NJPW WORLD Official,2026-05-03 12:11:12,17,185186,1087,34,00:00:25,34,338000
wG44zg-Oftk,パスした先には... 選手じゃなくてHCがいました😞,長崎ヴェルカ 公式,2026-05-02 09:01:28,17,269666,1861,30,00:00:17,0,19700
oBe9IXxlVKc,JOGO COMPLETO: FLAMENGO X VASCO  | BRASILEIRÃO 2026 | ge tv,ge tv,2026-05-03 21:45:03,17,9644240,373475,223,03:58:02,27,16000000
5WLKtG5wAUU,JOGO COMPLETO: MIRASSOL X CORINTHIANS | BRASILEIRÃO 2026 | 14ª RODADA,CazéTV,2026-05-04 04:56:49,17,7961114,187501,9,07:48:26,23,26100000
lo3O9cuvpOQ,CLIMA ESQUENTOU LEGAL! 😳😳😳,SportyNet,2026-05-02 23:11:10,17,2147496,30883,531,00:00:12,0,2050000
eip4MNQQ88c,🔥SE ELE ACERTAR GANHA O ALBUM #shorts,Hariston,2026-04-30 23:44:09,17,2434119,86497,242,00:00:56,0,1860000
-sFlrtnKjmY,FÁCIL DIFÍCIL E IMPOSSÍVEL,ALADDIN ,2026-04-29 14:51:57,17,2917392,81450,295,00:01:02,0,1840000
DyzRD2QlMTk,"DEMBÉLÉ E KVARA BRILHAM, MAS BAYERN SE RECUPERA COM TRIO KANE, OLISE E LUIS DÍAZ | PSG 5X4 BAYERN",TNT Sports Brasil,2026-04-28 21:08:37,17,5253687,205156,7540,00:08:53,25,12800000
f6__OywU6dw,DENILSON RELEMBRA seu LANCE ICÔNICO CONTRA A TURQUIA #denilsonshow #copadomundo #futebol #realbetis,Linha de Fundo,2026-04-29 01:00:41,17,3050857,100829,1069,00:01:06,21,14700
SVLnGEHBGVE,CLÁSSICO MINEIRO É TRANQUILO😳🔥,Gonze Neles,2026-05-04 02:00:32,17,938042,20177,400,00:00:20,0,2000000
Qngy6QfsIXo,Neymar vs Women 😈,CTfootball,2026-05-02 14:00:43,17,5933951,57442,87,00:00:23,0,109000
AjIZJi88edc,PORQUE OS JOGADORES PULAM OS ESCUDOS DOS TIMES,Vitin Futebol,2026-04-30 17:00:20,17,2061132,17200,24,00:00:21,4,484000
XiZQb82kTl0,X1 VALENDO FIGURINHA DO MESSI E DO CR7,Cayo Da Resenha,2026-05-02 21:25:23,17,1485462,46054,409,00:01:10,0,3220000
ENTmgqrBuCg,"VINICIUS JR. DÁ SHOW, ANOTA GOLAÇOS, E REAL MADRID VENCE O ESPANYOL EM LALIGA | MELHORES MOMENTOS",ESPN Brasil,2026-05-03 21:44:54,17,1262277,55775,1895,00:11:07,20,7900000
PlqxDUObObU,Onde eu errei?,dashifutz,2026-04-28 00:00:25,17,2867700,96398,1244,00:00:23,0,342000
Cy-nvkyjumM,Fácil Difícil Impossível  #15,IFALUZ ,2026-04-29 22:20:48,17,1901459,19394,785,00:00:13,0,52600
3apma8GWH2I,ESTRATÉGIA BIZARRA DO GOLEIRO DO PALMEIRAS,FrankCastleFC,2026-04-30 15:00:08,17,1559193,21699,309,00:00:26,0,51300
gkdfhTYO-Xs,NEYMAR TEM QUE IR PRA COPA?,Futebol Puro ,2026-04-26 16:28:48,17,3226307,22835,969,00:00:11,0,73700
ioLGzM1QlI0,Cold Touches Only ⚽️🥶,Mo Project,2026-05-03 16:19:25,17,6268419,28801,110,00:00:15,0,1360000
5_61d9_5jVg,DESCUBRA O JOGADOR,NOVO NEYMAR ,2026-04-28 12:00:08,17,2320477,24033,361,00:00:47,11,480000
SsvoSiabkLI,Leitura labial de Lyanco vs Renan Lodi após ser expulso no Clássico Ceuzeiro x Atlético-MG,VELLOSO,2026-05-03 15:01:35,17,748402,27743,1274,00:01:06,0,421000
tutjCeIeNY0,Quando os árbitros exageram no uso do spray de espuma,Futecem,2026-05-01 22:00:57,17,868548,7531,42,00:00:29,3,2210000
KvELugVntfo,JOGO ABERTO NOVIBET - PROGRAMA COMPLETO - 04/05/2026,Jogo Aberto,2026-05-04 16:07:35,17,988467,18109,111,01:51:34,18,5590000
vnF3wZARZck,PEGOU A JOGADORA ADVERSÁRIA E SENTIU A DOR #futebolfeminino #funnyvideos #esporte,Futebol Clubista,2026-04-28 04:24:40,17,1254001,6350,17,00:00:13,0,137000
7iyM0xrUIoc,Endrick Skills & Goals 🤩🪄,KakaCompsJR,2026-04-29 23:02:10,17,1840624,45403,614,00:00:57,18,75100
9HNKl4tcX14,É SÓ UM REFRI KKKKK #futebol #shorts,FUTVIDATV,2026-04-29 19:59:41,17,1291117,48645,173,00:00:15,0,113000
nv_KYFGP8KQ,Undertaker deu um susto em kane! 😱,Wrestler Insano,2026-04-25 21:00:44,17,2649706,35473,54,00:00:19,0,35100
5SzOL0dPXmY,"FALCÃO, REI DO FUTSAL!😂😂 #futeball#futbol#futebol#futebolbrasileiro#virais#memes#humor",Rony Vieira TV,2026-04-30 12:02:00,17,1122792,13153,51,00:00:13,0,157000
aQ6P6_bmp0s,O CARA QUE É VICIADO EM FIGURINHA DA COPA!,Jaum Brow,2026-05-01 20:00:01,17,1028304,26426,82,00:00:50,0,1050000
cgvQ_ySi2Bc,Uma obra de arte que ninguem esperava,CADUH Trem,2026-04-26 22:47:59,17,2901806,55350,407,00:00:14,0,1380000
k6qkrJLxlu0,This Happens Only in Brazil ⚽🇧🇷,Stevenftbl,2026-04-29 21:30:09,17,6284457,0,692,00:00:24,29,35800
ZHwuhI1Wu00,PORTUGAL VS BRASIL World Cup Dance Battle 2026 🔥 #worldcup #dance #shorts #football,IZ-Editz,2026-04-29 12:57:02,17,3962043,0,1115,00:00:56,5,62600
_nN268pgt6g,Que varzea era o futebol antigamente #futebol #shorts #gol #brasil #brasileirão,Baita Jogo,2026-04-27 18:23:46,17,2147516,37820,1292,00:00:22,36,67400
5Zlx5e1Npaw,Palmeiras 1 x 1 Santos - 02/05/2026 - Brasileirão,Jovem Pan Esportes,2026-05-03 00:44:56,17,1276032,10122,8,05:12:17,8,5380000
bdRZk2006MI,Ball Boys Disrespect Moments 💔,HEADER,2026-05-01 14:59:15,17,4563334,72070,142,00:00:32,0,278000
GDVexgxQDew,Falha no aquecimento e clima pesado no Botafogo 😳🔥,Guilherme Miranda ,2026-04-29 18:00:13,17,1003291,20646,234,00:00:13,0,15700
Eyxt4jO90rQ,QUEM CHEGA A 1.000 CARTÕES AMARELOS?👋🏼⚽️ #shorts,DesocupadosFC,2026-05-01 14:35:32,17,575979,20967,95,00:01:12,0,160000
Lmh-X060ufk,"CRISTIANO RONALDO IA SER EXPULSO, MAS LAMPARD EVITOU 😱 #futebol #cristianoronaldo #shorts",fut360_0,2026-04-29 12:28:30,17,1249449,0,33,00:00:10,0,28600
3x1wD9IYfYg,Brazil vs Argentina 🇧🇷x🇦🇷💀,Magia do Drible Br,2026-04-24 03:00:08,17,9440302,160458,6123,00:00:36,24,159000
Ls3tSG1bhwA,CLUBE + PAÍS = JOGADOR ⚽️,Rafinha Football,2026-04-28 22:00:20,17,1436450,26065,85,00:00:29,0,562000
lFco1GURqMA,Savage Slap From Reverse Guard! Combat BJJ Gets Brutal,FIGHT IN REVIEW,2026-04-25 22:02:52,17,17631222,71391,388,00:00:44,6,24800
fjY9tdwGuuc,VOCÊ devia virar BARBEIRO do CRISTIANO RONALDO.,Nerfando Futebol,2026-05-01 14:01:09,17,818396,0,110,00:01:14,21,213000
C5uzd3VYflA,o UNITED vai CALAR TODO MUNDO,Verner,2026-05-03 20:00:05,17,406216,0,39,00:00:22,0,186000
MRhC8s_hL5A,Uma música com a palavra PROFESSORA,Craques Stars,2026-05-01 21:30:41,17,561382,8870,25,00:00:12,0,382000
2mIVBxw1i_s,Esse garoto do Corinthians tá jogando a própria carreira no lixo.,Fute Fala,2026-04-27 15:35:00,17,1533047,38343,593,00:01:15,0,22700
jbOAs3cdtbs,Ronaldo Fenômeno REVELA MOTIVO de ter VOLTADO ao Futebol Brasileiro OBESO #futebol #ronaldofenomeno,Flop Fut,2026-04-30 23:00:44,17,787086,19631,187,00:00:26,3,78600
cwH_2X05Pzc,CONFUSÃO GENERALIZADA NO CLASSICO | Palmeiras x Santos | Melhores Momentos (COMPLETO) | 02/05/2026,GOLAÇO,2026-05-02 23:43:26,17,456677,5828,543,00:13:07,8,47100
PN5No4IeeeQ,A CADA RODADA AUMENTA O NÚMERO DE MINAS 💣 *O WILSON VIROU O ANJO DOS GOLAÇOS 😇,Banheiristas,2026-04-26 22:38:36,17,1887877,60100,1873,01:04:54,23,8650000
ynFkODAjTmc,[AO VIVO] OS DONOS DA BOLA | 04/05/2026,Os Donos da Bola,2026-05-04 17:35:51,17,304425,8310,194,01:17:36,20,3040000
soO2rcNA_Y0,O craque dessa seleção... 🥺💔 #futebol #neymar #emotional #brasil #copadomundo #viral #skills #aura,Magia do Fute,2026-05-02 21:15:33,17,426510,8106,261,00:00:28,19,103000
NGc5LQrzdV8,O BRASIL VAI VENCER ESSA COPA?,HydraFut,2026-04-30 15:00:39,17,775915,15004,402,00:00:28,0,325000
MvtligQWEGQ,Nesse dia o Vini jr. viu que o Neymar é o MAIOR,FutResenha,2026-04-30 22:00:00,17,731687,7333,7,00:00:14,0,98300
1NzXtNXGd7k,Brasil vs Argentina vs Portugal World Cup 2026 Dance Battle 🔥 #football #worldcup #shorts,Heung_edits,2026-05-03 10:00:00,17,1402267,15824,178,00:00:48,0,11500
UFPfmwtvZNE,ESSA JANELA DE TRANSFERÊNCIAS VAI MUDAR TUDO! 🤯😱,GDFootX,2026-04-30 21:41:00,17,860831,0,23,00:00:31,0,118000
XgNdju-GBVw,BRASILEIRO TEM QUE TORCER PRO BRASIL!,Lucas Veloso,2026-05-03 12:11:08,17,703661,49262,2096,00:02:30,0,533000
y5BlghVzD2M,ENDRICK MARCOU GOLAÇO PUSKAS NO ANGULO E CLASSIFICOU SUA EQUIPE PARA A PRÓXIMA EDIÇÃO DA CHAMP10NS,Futebol Na Veia,2026-05-03 20:56:41,17,369542,9284,400,00:11:04,0,165000
oVGIySZOL1Q,GOATS Now 💔,Femyft,2026-04-25 07:13:49,17,13495283,210437,2759,00:00:22,5,134000
dVR1s4EamJg,Ele finalizou o número 1 do mundo em menos de 1 minuto assim 🤯 | JIU JITSU,Gabriel Souza ,2026-04-29 15:00:00,17,1073545,33972,259,00:00:37,10,506000
IK1TGU5BiBk,QUAL É O TIME BRASILEIRO COM MAIS TÍTULOS NO SÉCULO 21?,Arthur Klava,2026-04-29 18:30:36,17,890683,17873,272,00:01:04,9,76400
CorNBX6lPhA,Esse zagueiro não me escuta 🤣🧤,Matheus Ferrari,2026-05-01 20:00:08,17,520107,6911,17,00:00:13,0,595000
MYXBKRZgLvw,Eu faria o mesmo!,Danny Morais,2026-04-27 22:36:59,17,1023745,12639,164,00:00:39,0,10500
4qoNbheRsGs,ENDRICK NÃO GOSTA De JOGAR FUTEBOL...,Gabriel Esi,2026-05-01 13:15:43,17,583182,12873,101,00:00:34,0,44600
03rlFUkHTZA,UM INSCRITO ME DESAFIOU E EU CHAMEI ELE PRO CANAL 🤯😱,Reversão,2026-05-01 14:58:40,17,922977,83361,764,00:13:42,31,2870000
mJcmp5mtp6w,Yamal Discipline 👑 #football #soccer #ronaldomg #skills #futeball #fifamg #futbol #messi,CAIO FC 01 🇧🇷,2026-05-02 20:39:44,17,3678066,0,452,00:00:17,0,703000
bC1n9jJbJ04,CRUZEIRO X ATLÉTICO AO VIVO NA ITATIAIA | REACT DO BRASILEIRÃO 2026,Itatiaia,2026-05-03 04:28:07,17,368799,7372,20,07:09:22,26,3310000
H-jTy7Ec2Sg,NEYMAR CORTADO! O verdadeiro motivo para estar fora do álbum do Mundial!,Pereira Esporte,2026-04-27 21:15:01,17,396744,5485,100,00:00:32,13,19200
2JmAPDS5Im8,ESSE CARA ta provando que o ENDRICK foi INJUSTIÇADO,Outset Sports,2026-05-02 19:59:18,17,397193,29326,298,00:01:06,12,673000
YBWHM-VjU90,🤔 QUAL JOGADOR JÁ JOGOU POR ESSES CLUBES? #shorts #futebol #futcerto,Futcerto,2026-04-28 15:05:01,17,820068,34355,74,00:01:07,0,419000
txV69Pn6BHk,mlk é bom em perder gol 🙄 #copadomundo #neymardribles #futebol #neymarjramin #football #edit,BeR_Editz,2026-05-02 18:00:46,17,430245,6957,203,00:00:23,0,128000
s_zeovxfWUA,AS MALANDRAGENS DO FUTEBOL #copadomundo #futebol,Cortes Fenomenais,2026-04-30 17:46:48,17,462446,17063,41,00:01:09,2,10000
zMAUE1LtcI0,Millonarios x São Paulo - AO VIVO E COM IMAGENS | Sul-Americana 2026,SBT Sports,2026-04-29 03:11:23,17,1942439,73059,13,02:49:47,20,1650000
CsBU2BcDhNk,CARLOS PRATES NOCAUTEIA JACK DELLA MADDALENA NA LUTA PRINCIPAL DO #UFCPERTH! 🇧🇷,UFC Brasil,2026-05-02 14:10:51,17,553517,34120,1030,00:00:39,2,3160000
guhAWgY5EFo,Por Isso o Tiro de Largada era Injusto Antes,Alto Intelecto,2026-04-30 21:00:50,17,499497,0,12,00:00:31,0,123000
j-JOt1lq34Y,🔴 Corinthians X Peñarol (URU) - DIRETO DA NQA | AO VIVO | Copa Libertadores 2026 | Rádio Craque Neto,Rádio Craque Neto,2026-05-01 03:45:49,17,1117055,20516,6,06:48:31,67,2680000
CbOZPVR-_9I,jogadores que desperdiçaram seu talento,lipe7,2026-04-28 21:00:18,17,724317,31207,419,00:01:09,0,38200
9tPaMHd_lPU,⚽ O TÚNEL DO TIMÃO | #CORINTHIANS #LIBERTADORES,CONMEBOL Libertadores,2026-05-01 02:28:34,17,653926,17128,248,00:00:40,19,1110000
Nz5m6HIE55I,QUANDO SÓ VALE 2 TOQUES #neymar #neymardribles #neymardribles #futebol,"Fala, Torcedor!",2026-04-30 22:00:34,17,458256,13769,46,00:00:16,0,29400
OCA-6RaTYUM,Neymar COOKED Montpellier🤯🔥,DX10HD2,2026-04-30 09:00:36,17,4372482,69001,455,00:01:01,41,169000
m1luDOpMwMw,Claus fez de tudo pra dar o gol!,FLABOLADO,2026-05-03 00:42:11,17,250773,3590,117,00:00:30,0,55400
iYdcpJLLb2A,BORUSSIA MONCHENGLADBACH X BORUSSIA DORTMUND | JOGO COMPLETO | BUNDESLIGA,Canal GOAT,2026-05-03 17:47:36,17,363030,11528,2,02:37:27,38,5180000
B7cxi6-2LoM,Deixa acontecer... 🪄🇧🇷 #ronaldo #futebol #edit #shorts #viral,NoxEdit,2026-05-02 16:30:04,17,219941,0,84,00:00:33,24,22600
7u8h5q63ue4,"Canadiens vs. Lightning | NHL Playoff Highlights | Game 7 | May 3, 2026",NHL,2026-05-04 01:05:07,17,412128,4362,961,00:10:34,22,2790000
V-LnKIm3_N8,PSG vs Bayern Munich | UEFA Champions League Highlights | Semifinals Leg 1 | 2025-2026,DAZN Football,2026-04-28 21:44:51,17,537233,5764,869,00:13:23,3,2890000
uEBcAAkP_bU,Prankster goalie takes down his teammate 😂 #nhl #hockey #sports #shorts,NHL EDITS ZONE,2026-05-02 17:24:08,17,1183703,5347,100,00:00:13,0,18500
e3gc2w_RzaE,"#4 CAVALIERS at #5 RAPTORS | FULL GAME 6 HIGHLIGHTS | May 1, 2026",NBA,2026-05-02 03:21:17,17,1236933,11862,1343,00:17:17,4,24200000
Yx5mnGViuUo,Leon Draisaitl was VERY candid while talking about Connor McDavid's short-term contract.,TSN,2026-05-02 17:26:49,17,293961,2671,464,00:00:32,0,778000
suYKFCVhfBE,"NHL Game 7 Highlights | Canadiens vs. Lightning - May 3, 2026",SPORTSNET,2026-05-04 01:01:55,17,380055,5179,1172,00:10:23,9,1260000
7lXbtVWqqHM,Aston Villa vs. Tottenham Hotspur | PREMIER LEAGUE HIGHLIGHTS | Week 35 | Fubo Canada,Fubo,2026-05-03 22:55:41,17,54702,380,79,00:05:21,13,151000
gRjLFVJ5N5U,Blue Jays vs. Twins Game Highlights (5/2/26) | MLB Highlights,MLB,2026-05-02 22:20:16,17,173384,2257,199,00:10:43,6,7190000
eWepQBJH_eg,When 2 worlds collide 🏒 🏀 #hockey #pavelbarber,Pavel Barber,2026-04-30 19:00:39,17,606588,6734,213,00:00:32,0,474000
MNBvQbe5org,Why Connor McDavid’s career in Edmonton is over 🏒 #shorts,Frank Michael Smith,2026-05-01 22:06:01,17,226739,4543,428,00:01:08,0,1430000
eRzUMeplCKo,Breaking Down John Chayka's Career As General Manager,SteveDangle,2026-05-03 13:31:06,17,120512,4172,1339,00:20:18,27,261000
quvnCXKHgX0,🤯 Un enfant de 12 ans entre sur le terrain… et surprend Roger Federer.,Storyinternot,2026-04-30 08:42:54,17,2786874,72999,118,00:01:02,0,125000
-NN62orT-OI,Game 7 win in the Canadiens-Lightning series,Canadiens de Montréal,2026-05-04 04:18:22,17,111381,3693,167,00:04:00,6,241000
AlaaklOnkBc,0-0 going into overtime #nhlhockey #nhlhockeyislife #icehockey #nhl #playoffs #hockeylife #puck #fun,HockeyGuyJordan,2026-05-02 01:48:31,17,243335,2955,127,00:00:11,0,20500
STrrFbEBQsk,The Montreal Canadiens Get A HUGE Game 7 Win To Send The Lightning Home 🙌,TNT Sports US,2026-05-04 01:41:38,17,76939,747,233,00:05:35,10,2030000
Txu5JfyHbfE,Kazuma Okamoto has always been interested in hockey 😊🏒 #MLB #BlueJays,Toronto Blue Jays,2026-04-28 20:32:24,17,216576,2673,62,00:00:15,0,121000
c3cLzILDg3o,Montreal Canadiens vs Tampa Bay Lightning GAME 7 LIVE w/ Steve Dangle,sdpn,2026-05-04 01:11:26,17,86693,2705,185,02:59:10,27,179000
HflsKlqv8lY,Sidney Crosby’s last playoff game? 😔 #hockey #nhl #playoffs,Nags,2026-04-30 03:00:47,17,233028,3145,265,00:00:16,0,54900
vt1vLmEt14A,Des moments de respect auxquels personne ne s'attendait #football,FOOTZ,2026-04-29 21:22:46,17,2715756,49851,88,00:01:00,0,57500
LOEWiL-Lfww,A few of these looked like they hurt… 😅💀 #hockey #kazxi,Kazxi,2026-04-27 19:21:11,17,851380,9114,68,00:00:33,0,106000
iCWA6XpP1mo,RJ Barrett INSANE GAME WINNER vs Cavs TO FORCE GAME 7 😱😱,Chaz NBA,2026-05-02 02:35:16,17,654593,7323,1479,00:02:22,26,627000
XqFb01yWFLY,RJ GAME WINNER forces GAME 7🚨,House of Highlights,2026-05-02 02:38:21,17,356237,6910,332,00:00:14,6,17500000
WsVb537QWCU,2.1M FOR THE WIN 🔥,Toronto Raptors,2026-05-02 04:48:53,17,306423,4069,139,00:00:27,8,175000
snO_L3gjYxM,RAW | Connor McDavid 05.02.26,Edmonton Oilers,2026-05-02 18:28:45,17,91661,1137,677,00:10:57,6,113000
vquhG0N6ej0,umpire was RIGHT 😂,Fuzzy,2026-05-03 00:11:00,17,479248,10558,105,00:00:22,3,617000
fhbUzK2yMcg,"Montreal Canadiens win Game 7 against Tampa Bay Lighting, move on to Second Round",NHL Network,2026-05-04 01:11:04,17,31613,345,71,00:05:38,0,39100
5qDjlYu-XZo,J'arrête le foot... ⚽️❌,Alex Freestyle,2026-05-02 18:14:25,17,961280,15898,95,00:00:13,0,502000
OXIn3mPRAjM,Le résumé de PSG / Bayern Munich - Ligue des champions 2025-2026 (1/2 finale),CANAL+ Sport,2026-04-29 10:39:45,17,1478274,26559,2066,00:15:18,7,1970000
9mnvjqvSEgM,Ce SAUT Génial de RONALDO va te Choquer... 🧠🤯,FOOTFLEX  FR,2026-04-27 17:03:33,17,2978118,52254,91,00:00:30,10,292000
1NWAVI5Psug,On connaît tous un joueur comme ça… 😅😨 #football #humour,BkmYounes ,2026-04-28 17:05:34,17,2615680,31833,184,00:00:18,0,353000
10FeZziSVfQ,La nouvelle génération,victorplayer,2026-05-02 18:07:39,17,688893,13425,68,00:00:11,0,499000
MU_Y6qnrY8w,Une dispute entre Jean Michel Larqué et Thierry Roland intervient en direct à l'antenne ! #football,MATHIS FOOTBALL,2026-05-03 04:00:00,17,430171,2047,88,00:01:03,0,62700
GqhutEuLm5g,Un max de ❤️ pour Alvaro 🇵🇹 #trendingonshorts,Kesh Freestyle,2026-04-30 17:32:27,17,1068387,15907,151,00:01:02,0,405000
8jNe-KKpHIE,"EP3 : Bagarre, insultes, crachats : Les U17 FRAPPÉS contre l'Italie avant la finale ?",Pieds Carrés,2026-05-02 07:57:41,17,448994,32638,5152,00:53:29,0,1290000
D48zr-QErg0,"D’avance, merci pour tout Légende 🥹🫶🏼 #griezmann #atleticomadrid",Aficionado Football,2026-04-30 16:18:52,17,542468,10650,90,00:00:14,0,128000
_nugufN9QfE,"Résumé : VINICIUS régale, le REAL MADRID retarde le SACRE du FC BARCELONE contre l'Espanyol",beIN SPORTS France,2026-05-03 21:09:43,17,281283,4904,666,00:15:10,17,2790000
DtqohmhAMVg,Voici pourquoi il ne faut jamais abandonner !!! #sport #saut #france🇫🇷,Memory Lane,2026-04-28 18:34:29,17,897541,31191,31,00:01:04,0,52000
WoAyziPECjg,"It's time for a French tutor, Micah 🤣 #UCLToday #UCL #PSG",CBS Sports Golazo,2026-04-28 23:28:56,17,911244,14173,214,00:00:22,18,2910000
quRVUrK6Tf0,Mbappe Respect Moments ❤️,L7 Football,2026-04-30 18:28:00,17,7956159,94693,296,00:00:23,18,2400000
xySY2wnFQck,GOLAZO d'Al-Tamari mais l'OL RENVERSE Rennes en RUGISSANT | 32ème journée - Ligue 1 McDonald's 25/26,Ligue 1 McDonald’s,2026-05-03 22:29:41,17,240963,3833,299,00:05:28,43,3320000
i-rzG5i65QU,Résumé UFC : L'ancien champion Maddalena va-t-il RECHUTER face à l'intenable Prates ?,RMC Sport Combat,2026-05-02 14:53:41,17,178986,3972,533,00:10:53,46,200000
8XRDraUiJmw,Quelqu'un peut m'expliquer ? 🙆☠️#olise #equipedefrance #angleterre #bayern,LienFOOT,2026-04-27 12:45:02,17,1105423,17495,259,00:01:03,0,29000
OfmwbMp7beg,Kolik Ponožek ZASTAVÍ Fotbalový Skluz?,Horis,2026-05-03 09:00:28,17,3287987,78736,115,00:00:30,17,1120000
nZZ2XsJQzD0,Dembélé doing magic without touching the ball ✨,PSG - Paris Saint-Germain,2026-04-30 07:00:44,17,1872458,40213,425,00:00:15,0,10100000
u1J7gskgeR0,OL - Rennes : Six buts et une victoire avec la manière !,Olympique Lyonnais,2026-05-03 22:00:55,17,1257868,23015,1139,00:09:56,33,357000
uAo2xGnKe84,🔴🔵 PSG - BAYERN LIVE / 🔥ALLEZ PARIS !! / 🚨ON Y VA !! / 1/2 LIGUE DES CHAMPIONS / CHAMPIONS LEAGUE,L' immigré parisien,2026-04-28 21:24:02,17,1194352,39207,172,03:12:57,33,2310000
Ut_rulSPHgo,100% Lucky Goals 💀,FC7,2026-04-30 15:00:52,17,5761254,54347,88,00:00:23,0,82900
7KYwUF7A5A0,"Messi, Mbappe, Neymar & Ramos vs Hakimi 😂",Hopftbl,2026-05-01 06:30:43,17,4781743,40026,237,00:00:19,0,25500
p4Pg9e2GXrg,LE COUP DE CHANCE DÉGUISÉ DU PSG ! 🤔 #PSG #bayernmunich #ldc #football,Kick Off FR,2026-05-04 06:04:29,17,153126,5723,112,00:01:21,0,33400
8SUnCKh-rzY,Quand Lucu retrouve Yannick Bru 🥺🫶  #rugby,Investec Champions Cup & EPCR Challenge Cup,2026-05-03 17:31:55,17,135955,1073,30,00:00:24,0,139000
r0zvh0ElcnM,QUI EST LE JOUEUR PRO ?! (ft. Gradur & Redouane Bougheraba),Pitch Addict,2026-05-01 16:04:00,17,342830,11980,348,00:42:18,6,295000
VbLBlKNy7sI,Le TOP 5 du BALLON D'OR : MAI #football,Le Bureau Foot,2026-05-01 16:00:51,17,219762,8592,189,00:01:14,17,41500
DQOMUhzuUew,C’est malpoli de montrer du doigt… 🫵🤣 #basketball #france #shorts,Overtime France,2026-05-03 18:13:50,17,107641,3050,9,00:00:12,0,180000
Kfdj2QSpSn0,L’importance des détails au Bayern 🎶🔴⚪️,Aliotop,2026-05-04 16:22:43,17,99219,4538,20,00:01:01,0,546000
rpeHkgr6cik,2 mois de Bonheur !,Thibs,2026-05-03 11:22:32,17,255792,12461,148,00:01:06,0,374000
1BuU0eZrSEE,LA FRANCE VA GAGNER LA CDM GRÂCE À EUX ! 🤯⚽️,WEYAH_FOOT,2026-05-03 14:00:02,17,249999,9944,185,00:01:03,0,167000
ckmaHh7Fm4Q,L'Arrivée de Luis Enrique au PSG,Nathan Adrassé,2026-05-02 10:30:00,17,223417,3554,23,00:00:39,0,22300
h9Dx23DDB6E,FC NANTES VS OM 3-0 DEBRIEF ( UN NANTERREMENT ),Mohamed Henni,2026-05-02 16:18:32,17,243639,9988,1621,00:11:42,0,2200000
VR7vYJDMVDg,Muhammad Ali est monté sur le ring face à la mort 😱😱😱,Cage de Feu,2026-04-25 15:07:37,17,719862,12689,127,00:02:52,32,107000
Xeafk2t39Yw,Il vient de perdre sa copine juste avant le match #football #momentsdrôles #barcelona #amour #foot,Lions du Sport,2026-04-28 12:57:56,17,664923,12998,151,00:01:01,0,75900
jpApKeXQGY8,Le seul joueur capable de réaliser ce contrôle impossible à partir de 10 mètres!#football #Soccer,FOOT MAN CITY ,2026-05-03 10:01:10,17,202909,3481,7,00:01:09,0,21500
Xr8W1T7asT4,"""POGBA NE PEUT PLUS JOUER EN LIGUE 1""",AFTER FOOT,2026-05-03 09:33:49,17,125677,0,38,00:00:28,0,339000
mXieLe8zeqs,Le jour où Ronaldo a donné une correction à Simeone #football #cr7 #football,Epic Football Moments,2026-05-01 09:01:11,17,447163,0,25,00:01:02,0,22400
EkxqfYiNN6Q,PSG 5 4 Bayern | Highlights,CROATBALL,2026-04-28 21:11:04,17,6872057,59435,476,00:00:23,23,42600
mwg11TdhPVk,Yamal Has A Pure Heart 🥺,Nah Football,2026-05-01 09:59:50,17,6572520,74934,269,00:00:33,25,44100
-uJrDBpIjLs,Quand tu veux mettre une petite droite discrètement et que... 🤣 #rugby #humour #funny #funnyvideo,LA RUE DE L'OVALIE BY YVANDURUGBY,2026-05-02 20:02:10,17,94384,294,10,00:00:17,0,33600
UXUVdzZMSQQ,PSG vs Bayern Munich Cooked 💀,ShortCR7X,2026-04-29 13:31:03,17,4275809,42742,76,00:00:21,0,65600
k9rDRrlEwec,Le JOUEUR le + IMPORTANT du BAYERN ? 🇩🇪 ⚽️ #footballshorts #ucl #psg #bayernmunich,Zone Foot,2026-04-28 15:07:45,17,440249,11331,579,00:01:31,0,37800
K1QJ11794IE,Le mal-aimé du football français 💔🇫🇷,Foot Dépendance,2026-05-01 17:00:22,17,227354,8320,83,00:01:12,6,26000
4uBsz8N-SX4,"NBA Playoffs 2026 : Spurs - Wolves, la preview !",TrashTalkProduction,2026-05-02 18:54:37,17,93064,3440,210,00:36:38,4,217000
t59_gMl0CvE,Sa RÉPONSE est INCROYABLE 😱 #football #arsenal #liguedeschampions #premierleague #henry #emotion,Paulo le Sportix,2026-05-01 14:29:32,17,250705,9887,92,00:01:12,0,840000
DO3h1fdZp60,La réponse de ce talent à Dylan Rocher !quem carreau ! incroyable finale !#pétanque #sports #sports,Pétanque Royal,2026-04-20 17:27:53,17,1877943,11481,187,00:00:17,0,18100
zWr8VE7QjhE,Momen Cristiano Ronaldo Menenangkan Suporter Al-Nassr saat Lawan Al-Ahli Saudi Pro League #ronaldo,Kullu-Kullu,2026-04-29 22:01:30,17,3456144,30401,433,00:00:22,0,271000
uaAdLaUU3gY,🚨 TOP ou FLOP ?! Spécial PSG/BAYERN #psg #paris #bayern #championsleague #football,Canal Supporters,2026-04-29 16:10:25,17,277858,8703,185,00:01:08,0,138000
V_9D75avNjw,UEFA Champions League 2025/26 Gemini Prediction 🏆,StatKick,2026-04-28 18:58:16,17,6026890,36614,682,00:00:24,0,12300
TIbHA7tHN3s,DÉFI FOOT : ÉVITERAS-TU L'ÉLIMINATION ?,Steve - Football,2026-05-02 15:00:00,17,184956,4277,175,00:01:06,0,11800
1bq_1IPDz_M,Olise vs Nuno Mendes 💀,MTS,2026-04-29 01:20:38,17,6277429,154493,2200,00:00:30,0,78100
pPQ9isWXf_4,PSG vs Bayern Secret Watcher 👀💀,Playmakerz,2026-05-02 16:33:00,17,2295476,41198,932,00:00:13,0,511000
0zQQ_TmYQ3M,PSG Absolutely Cooked Bayern Munich 5–4 in the UCL with a Dominant Performance 💀😱,KicklyHQ,2026-04-29 04:58:10,17,8127944,45313,52,00:00:20,0,330000
uQjZh7BzGYM,Impossible Goal Line Saves 🤯🔥,Futbol y Curvas,2026-04-25 21:53:13,17,3835189,19605,23,00:00:23,7,2080000
IMsxUW8xodc,Champions Cup : le résumé de UBB vs Bath (demi-finale),France tv sport,2026-05-03 16:21:26,17,96734,1379,70,00:07:46,5,867000
IyvKZg5J7d0,Ronaldo & Neymar With Reporter.. 🤣,Samuel AEP,2026-05-02 15:56:00,17,5276394,48139,585,00:00:17,4,1220000
OglOFxrQPiM,“Je prends trop de temps à sortir”🤭 #footballshorts #psg #parissaintgermain #ldc #liguedeschampions,SO FOOT,2026-04-29 13:01:29,17,217855,3159,45,00:00:12,0,29300
-ht2AnNQiPc,👉👉👉 Mahrez Prime Free Kick vs PSG,CNX-001,2026-04-27 11:00:00,17,2422254,22549,200,00:00:22,0,20700
g7ZMHfffeNA,Psg beat Bayern 4-2 in the champions League with an outstanding display 💯😱#championsleague,nettyscores,2026-04-28 20:28:03,17,4222744,31668,126,00:00:13,15,91800
H7tzZcDcDPo,Comment la tactique à 1000 QI de Neuer a permis au Bayern de marquer 2 buts rapides contre le PSG. 😳,Passion football,2026-04-30 21:41:58,17,329590,8508,26,00:00:37,0,366000
pd-roTQ_g44,Les faux ailiers ! #topfoot #football #yamal #olise,TopFoot,2026-04-30 16:55:42,17,234510,7462,76,00:01:07,0,58400
3I5-IXA5Cgw,🟡Gladiator🔴#gym #ufc #ufcgym #mma #الاجسام #recipe #sports #نفيسه #boxing #الاحترام,Nabil yamaa,2026-04-28 13:21:55,17,2658556,37641,1535,00:00:48,0,13000
EpvJ21343-s,Denzel Washington fue hasta donde LeBron James para saludarlo 🫡,CRUNCHTIME NBA,2026-04-30 04:17:23,17,1440328,9957,77,00:00:29,0,30500
RSYEUx5eFhg,This Goalkeeper BROKE The Rules 😳🤯,SevenBall,2026-04-29 22:00:35,17,5520111,73689,104,00:00:19,0,138000
lx7yvK2FBUs,😱QUI A LE RECORD LE PLUS DIFFICILE#mbappe #bayern #football #psg #real #barcelona #messi #cr7 #yamal,Le Onze Debrief,2026-05-02 07:30:23,17,179435,5705,170,00:01:22,5,58500
_aMJv7xWsjs,Six Nations Women’s Series : Le résumé de France – Écosse,France Rugby,2026-05-03 01:00:17,17,139382,869,110,00:10:22,6,192000
qtYPVtGrTOI,Résumé du match vs Saint-Aubin 🧤🦾 un avis sur mon match ?🤔#CapCut  #gk #gardien #gardiendebut,SANNOX YT,2026-04-27 16:30:11,17,564049,13457,192,00:02:21,0,782000
ZSUtw-b603g,Just Count It And Go Home 💀 #nba #shorts,Clutch Talks,2026-04-23 22:42:50,17,16841147,321903,904,00:00:30,0,23700
GNt2RxceJxI,⚽ Debrief PSG vs Bayern Munich (5-4) / Ligue des Champions,Winamax Sport,2026-04-28 22:45:48,17,197857,5899,198,01:31:24,33,594000
1MqnOIQwjjE,UEFA Champions League Paris Saint-Germain vs FC Bayern | Highlights und Tore,Prime Video Sport Deutschland,2026-04-28 21:09:34,17,2763053,34873,3783,00:05:11,12,296000
zzhZb8YFoGg,Selten wurde sich so sehr über eine Schiri-Durchsage gefreut 😅 | sportstudio | #shorts,sportstudio fußball,2026-05-04 14:46:53,17,306114,3109,59,00:00:15,21,786000
IXLakTgFScY,DIE KORREKTE ENTSCHEIDUNG?🤬🤔 #schiedsrichter  #ssvhardstuck #kreisklasse #fußball,kult!,2026-05-03 18:48:31,17,451994,4861,80,00:00:32,7,34800
8ukIMDPujS4,Martinez mit der Jahrhundertparade!,RTL Sport,2026-05-01 07:26:54,17,705523,4927,87,00:00:27,16,310000
8I-icHLp-ow,Er besiegte den Weltmeister!🤯😱,jnzn.shorts,2026-04-28 14:45:29,17,2515613,43102,209,00:01:00,0,24100
HQPSWiFjQ54,„Was ist denn heute los?” Schiri nimmt sich Andrich zur Brust | #shorts,SPORT BILD Fußball,2026-05-04 05:00:24,17,337308,3788,157,00:00:41,4,846000
PgPS_p6X9Y4,Dieser Geniale SPRUNG von CRISTIANO RONALDO wird dich schockieren    🧠🤯,FUßFLIX,2026-04-27 17:20:25,17,2503518,33731,67,00:00:37,12,41900
0lzx0iefoLI,Bitteres Debüt für Enis Kamga für den FCK😔 Aber immerhin bekommt er die Unterstützung der Fans❤️,SWR Sport Fußball ,2026-04-27 10:10:20,17,1382972,16598,355,00:00:17,0,98100
t-0oJgwKrIk,Der Einsamste Fan Der Welt 🥲,FussballWelt,2026-05-03 08:11:42,17,884660,20645,200,00:00:57,4,86900
DCL35HnJI04,DERBYSIEG! Zittert Liverpool im CL-Rennen nochmal? | Manchester United - FC Liverpool | Highlights,Sky Sport Premier League,2026-05-03 16:56:56,17,432980,7013,346,00:11:21,22,202000
mRBhN19bGBg,Audis Feuerdrama & ein Stotterstart! | Sprint - Highlights | Großer Preis von Miami | Formel 1 2026,Sky Sport Formel 1,2026-05-02 17:44:15,17,397272,8002,282,00:13:54,28,243000
Ynj01n6uCjs,"Becker will Dzeko ""MEGA ABFÜLLEN!"" 🍻",Sky Sport DE,2026-05-03 07:36:16,17,312759,4212,65,00:00:30,0,1690000
NKMwH7i0pbc,Wenn respektloses Verhalten mit einem Job im Halbfinale der Champions League belohnt wird..,ChefRef,2026-05-01 15:20:09,17,417244,6939,265,00:01:01,0,37600
lIIpof8lO5c,Frankfurt Fans mit Diss gegen den HSV!🐳👀,KurvenLifestyle,2026-05-02 19:47:17,17,317853,2432,165,00:00:39,0,21200
ILw1eeRRwXY,Der FC Bayern hat es gestern schon wieder getan #fcbayern #michaelolise #fcheidenheim #fussball,8147X Fussball,2026-05-03 09:35:07,17,314108,6456,65,00:00:28,0,26900
MUygDUd3I3g,Kompany mit klarer Ansage an PSG! 🤩😂,SPOX,2026-05-02 20:13:02,17,259822,2429,83,00:00:23,0,168000
lCmx_XI_S7k,🗣️ „EINS ZU NULL FÜR KÖLN!“ 🥹,Borussia Dortmund,2026-04-30 16:10:06,17,537838,8461,144,00:00:37,0,1590000
ZOp0HfRw7YU,Türkische Fußballer erraten mit einem Türken!😂⚽️ #primus #fussball #bundesliga,OLE,2026-05-02 16:25:14,17,344855,4723,36,00:01:13,0,84500
sgookv4Azso,⚽️ Die legendärste Schwalbe der Bundesliga! 🕊️,Pöhler&Poeten,2026-05-02 18:00:00,17,242326,1481,60,00:00:33,23,24900
PJyfCmH8TLk,Mit jedem Schuss wird der Ball leichter Challenge 🪶⚽️ #fussball #fussballer #challenge #torschuss,LukasFootball,2026-05-03 07:37:53,17,550438,10539,42,00:03:00,0,356000
g-1X7oXfVis,"Er glaubte wirklich, so leicht davonzukommen",TopKickz,2026-05-01 10:44:55,17,441448,0,13,00:01:01,0,33600
a5dpXSG0l8s,Schaut euch das ganze Video an👀🧤 #gripmode #torwart #football,GoalkeeperPiet,2026-05-03 13:00:00,17,359281,4481,53,00:00:29,0,1080000
AsKCuvSTdHQ,Atletico Madrid - FC Arsenal | Halbfinale-Hinspiel | UEFA Champions League | DAZN Highlights,DAZN UEFA Champions League,2026-04-29 21:19:07,17,1081695,13965,1265,00:09:48,26,1070000
oipkuCzfxwg,Cucurellas Hand = Kroos kein Ballon d'Or! #shorts,Chev,2026-04-28 18:00:58,17,740331,17157,106,00:00:34,27,157000
W29LVMdbqmc,Luis Enrique and Vincent Kompany share a laugh over the insane match their teams just played 😅 #UCL,CBS Sports Golazo,2026-04-28 23:39:28,17,2993290,53174,570,00:00:12,18,2910000
1WnuukX_C_s,So könnten die Aufsteiger dieses Jahr aussehen,TheSoccerKing,2026-05-03 18:18:10,17,171425,4793,125,00:00:33,0,31300
HGhTbyute1Y,Florian Wirtz baut seinen Perfect Player mit Zalando,DFB,2026-05-03 14:00:32,17,196806,3843,14,00:00:34,4,591000
YRXJr-xKtX8,BLEIB ZUHAUSE VINCENT KOPANY PRESSEKONFERENZ NACH PSG,Eleven Sports DE,2026-04-28 22:59:08,17,464760,4987,168,00:00:20,0,15400
0TPPOY5ZPiQ,Ronaldo hat sich an seinem Sohn gerächt 😂,Nitta Fussball,2026-05-01 12:51:40,17,353490,4081,6,00:00:19,0,87700
l4aqcqhBig8,Neuer 500 IQ 🧠,leonxlech,2026-04-29 19:00:51,17,351651,7337,258,00:01:01,0,38700
RLf0tLOHnc0,So smooth 😮‍💨,FC Bayern München,2026-04-28 16:00:00,17,1925429,21582,195,00:00:13,8,5420000
h86mkInnH5Y,The fastest goal in Conference League history!!! 🤯,UEFA,2026-05-01 21:00:54,17,2033130,29836,179,00:00:24,0,6650000
L_kZe73ibdw,Samsunspor (4-1) Galatasaray - Highlights/Özet | Trendyol Süper Lig - 2025/26,beIN SPORTS Türkiye,2026-05-02 19:52:33,17,463800,5412,1082,00:10:09,29,2690000
kdB-vR0HQGA,Arjen Robben visited Bayern's training session and spoke with the players,Portal Bayern,2026-05-01 16:25:00,17,646210,8524,204,00:00:23,0,62600
8Wi9N-TAspM,Spätes Spektakel: Osasuna - FC Barcelona | 34. Spieltag | LaLiga | DAZN Highlights,DAZN Fußball,2026-05-02 21:18:45,17,311647,4542,128,00:06:18,26,1180000
7peVIgb6W_A,LECLERC WAS MACHST DU? 😭 #formel1 #f1 #charlesleclerc #miamigp,FormelFranz,2026-05-03 20:47:24,17,163994,7364,65,00:01:12,0,40700
gPdki5guD9c,Cristiano Ronaldo reagiert auf Alanas abgebrochenen Zahn 😱😂,CR7 Alerts ,2026-05-01 15:59:05,17,196410,0,716,00:00:35,0,51900
kCkw6krE_sU,Warum nicht jeder Fußballer werden kann 😳,Lucas Fußball,2026-04-24 19:03:00,17,618599,10247,24,00:01:01,0,17500
2BJdQ71N0HA,Wir ranken die teuersten Transfers aller Bundesliga-Klubs in dieser Saison! TIERLIST,CALCIO BERLIN,2026-05-03 10:00:03,17,148337,6596,334,00:48:57,39,287000
3GVWEs_IYyI,Feinster One-Touch-Fußball vom MSV ⚽️,MAGENTA SPORT,2026-05-03 14:03:41,17,84359,467,27,00:00:15,2,767000
kJCRN2wYNVc,"Welcher Sportler hat die FIFA dazu gebracht, die Regeln zu ändern? #Sport #Sportunterricht",Schwarzer Adler Sport,2026-04-26 04:00:18,17,748695,9283,29,00:01:17,3,18500
JgTzNHm-OQ4,Komplett auf dem Boden geblieben! ❤️,NFL Deutschland,2026-05-04 13:01:12,17,62055,361,6,00:00:12,0,52300
J1e1eL3xIy4,FC Bayern: Lustige Anekdote zu Aytekin? Das sagt Kimmich,ran Bundesliga,2026-05-02 18:29:55,17,119773,467,105,00:01:59,38,57900
elkzBJBzg3A,"Donnarumma hat die gesamte Saison für City gespielt, ohne ein offizielles Trikot zu haben?",Fußball Welt,2026-04-30 13:27:44,17,280632,3254,6,00:00:29,0,82600
ODcg6Fw57WY,The Angriest Dressing Room Moments😭💀,ArinhoFC,2026-04-25 13:03:13,17,4698996,90728,584,00:00:50,0,10400
gn_hsMW6_bM,Verschiedene Nationen bei der WM...😂,Marcel Reiter,2026-04-30 10:04:46,17,361336,9403,68,00:00:28,13,352000
jP6GmRp4hRU,RONALDINHO 46 Years Old Legend 😍⚽,90+Dinho,2026-05-02 05:04:05,17,2413601,11032,42,00:00:19,5,17600
FiIAvm1Yl2U,Hier sind die 5 reichsten Spieler der Welt.,Badnarr2,2026-04-27 11:32:24,17,722471,6681,215,00:01:01,0,28300
fDIKyrLDk0U,S04-PK nach Düsseldorf | FC Schalke 04,FC Schalke 04,2026-05-02 21:57:49,17,162915,6881,450,00:14:35,0,257000
Gd60hKGiTVc,🫡 What a control and what a dribble by Ronaldo 🐐 Can’t wait to watch him at the WC in 2 months 🙏,Laneksa,2026-04-29 22:18:46,17,1736161,22215,445,00:00:14,0,1450000
Qe-jm5_Thwg,Top 4 Fußballer mit den hässlichsten Füßen,Fußball Zone,2026-05-04 10:15:07,17,72917,614,9,00:00:28,0,29700
UD3RmKh6ttM,Basler teilt gegen Nagelsmann aus!,SPORT1,2026-05-03 14:30:19,17,171109,1731,98,00:01:42,13,968000
fkHOWQVNAD0,DER BESTE FUSSBALL MONATT🥶 #fifa #football  #shorts  #premierleague,FaroooYT,2026-05-04 14:07:15,17,81803,3276,62,00:01:16,36,214000
8FgU10LwFCg,لقطات طريفة الأسطورة شوشع😱😱😱#football #brasil #usa #futbol #الجزائر #السعودية #shorts #funny #مصر,شوشع الاسطورة,2026-05-04 09:43:59,17,800551,5272,48,00:00:18,0,1500000
Qd6Vw57paOs,"Hannover 96 - Preußen Münster Highlights 2. Bundesliga, 32. Spieltag | Sportschau",Sportschau Fußball,2026-05-03 22:00:24,17,60883,965,107,00:06:50,19,168000
epSvClJcX2E,Ronaldo picking his mom or his dad😍,FADE AEP,2026-04-26 14:11:01,17,6797293,115481,551,00:00:28,25,81300
NaRqGY3HX08,Kimmich hebt einen Bayern-Star heraus: „Hat ein unfassbares Spiel gemacht!“,FCBinside,2026-04-28 22:33:08,17,503622,4332,736,00:06:02,24,36500
gtO7lfUMTtU,Der beste Spieler von diesen Vereinen 🔥🤔 #shorts,David Rau,2026-04-30 13:43:19,17,143494,1540,70,00:01:23,0,172000
dVUakoQvTMk,Jerman vs Polandia 🔥 Piala Dunia 2006,Foot Shorts,2026-04-28 12:01:13,17,626756,2874,104,00:01:06,0,23000
sE40IO54uwo,1:59:30 Stunden - UNFASSBAR! 🤯🏃‍♂️ Die Zwei-Stunden-Marke ist geknackt,Eurosport Deutschland,2026-04-26 12:17:39,17,473278,5514,222,00:00:41,11,111000
Cf4PfTdMpTs,FULL Penalty Shootout – Bayer Leverkusen vs Bayern Munich | DFB Pokal 2015,Luffy project,2026-04-29 09:00:31,17,440145,7882,16,00:01:39,12,135000
Kh1LbWbt_7I,Resumen y goles | América vs Pumas | Liga MX - Cuartos de Final - Ida Clausura 2026 | TUDN,TUDN México,2026-05-04 01:31:42,17,1611774,12754,3827,00:14:35,20,5740000
LOH6_TGqqww,JUEGO COMPLETO: AMÉRICA x PUMAS |  CUARTOS DE FINAL IDA,Layvtime,2026-05-04 01:23:34,17,1689915,20135,96,02:44:46,25,727000
Cf3I8wUzqYE,RESUMEN: PSG 5-4 BAYERN MÚNICH | SEMIFINALES I IDA | UEFA CHAMPIONS LEAGUE,TNT Sports México,2026-04-28 21:08:09,17,2832170,42177,3175,00:14:15,44,943000
ktlrGpw4aWg,Tigres vs Chivas| RESUMEN EXTENDIDO | Cuartos Ida | CL 2026 | TV Azteca Deportes,TV Azteca Deportes,2026-05-03 03:15:59,17,947298,3911,389,00:24:33,3,2360000
OuVsJR_4UUw,ESCENAS ELIMINADAS DE BLUE LOCK 🤫⚽️ #futbol,Juanpa Freestyle,2026-04-29 01:05:43,17,4468649,96639,247,00:00:56,0,1030000
bnsANAor9N0,"Messi y Speed aman la cámara, ¡pero Ronaldo la odia! 📸 #ronaldo #futbol",Spanish Cuentos,2026-05-02 02:35:02,17,1971086,20062,74,00:00:34,0,1460000
cKansz_VyeY,Se Metio Con La Persona Equivocada 🤯!,PerkoMotivation,2026-05-03 04:06:49,17,1488634,24695,103,00:00:20,42,46600
GNmPUY_TmKw,Parecía injusto… pero nadie conocía la verdad 💀,BiraFutball,2026-04-22 17:14:06,17,12244201,431386,650,00:01:06,0,127000
Kng_jQblKVk,mbappee,Futbol Activo,2026-05-03 22:21:16,17,1794533,74465,205,00:00:34,14,2900000
_dcM9cFmmxw,La Salvada de Dybala en la Final del Mundial,King of Kicks,2026-04-30 14:17:46,17,3729144,127546,561,00:00:35,0,71900
1j4Lja7zioM,Las MASCOTAS Están Fuera de Control 🤯😅,Golistica,2026-04-30 17:00:05,17,2261153,25149,18,00:00:25,0,121000
OcaTY0erzVo,Predice Peleas Con Una Línea! 🤯🔥,ChillMMA,2026-04-27 21:18:58,17,3336288,170489,284,00:00:44,38,246000
QpQ1p6zjwc0,¿Por qué el famoso spray de los árbitros fue BANEADO? 😱⚽,ROYAL SPORTS,2026-04-30 14:30:30,17,3065156,45297,77,00:00:29,45,333000
dk1Pi7A921A,La Precisión del Pase de Messi 💀🔥,Arias Football TV,2026-04-30 18:33:00,17,3317193,58363,749,00:00:16,0,34600
m1Lt2BZnoWQ,¡GOOOL DE ALEJANDRO ZENDEJAS! 🕺,Club América,2026-05-04 01:03:02,17,292393,7846,448,00:00:36,18,1620000
tly5jBVqYAA,LA TÉCNICA DEFINITIVA PARA MARCAR GOLES DE KNUCKLEBALL,javifreestyle,2026-05-03 14:01:19,17,1546159,43321,133,00:00:52,3,3160000
6DSEwiH-8S8,Cada NO = 50% descuento en camiseta de futbol ⚽️,ErSenpi,2026-04-27 17:14:50,17,2279115,51347,70,00:00:55,0,383000
hgWPtz88CEY,El penal más humillante de la carrera de Messi #futbol #ronaldo #cr7 #messi #neymar,GOLFLIX,2026-04-23 23:23:12,17,3176864,17701,156,00:01:00,0,106000
iIMZ1RW5nwI,Las botas prohibidas en césped artificial 🚫,Fútbol Plus,2026-05-01 03:15:05,17,1594727,14332,14,00:00:24,0,56300
BV9CjIbZ_qs,¡SZCZESNY ES UN PORTERO UN POCO DIFERENTE!,Legacy Sports,2026-05-03 13:30:12,17,873437,0,5,00:00:21,17,142000
Wv6TmhRynuc,John Cena HIZO LLORAR a Cody Rhodes🥲,MundoLuchitas,2026-04-26 17:43:25,17,3601238,93433,142,00:00:34,14,282000
CpTzqZsj4H4,Así festejó Jaime Munguía después de coronarse Nuevo Campeón del AMB (168 libras),DeportesUNT,2026-05-03 08:10:27,17,537526,5556,255,00:00:14,4,21400
mgrD61z9aFk,Fingió ser CIEGO Para Detener Una Pelea Pero SALIÓ MAL 💀Cc: @WingedC  #mma,Bacoj,2026-05-04 02:05:41,17,398243,11809,115,00:00:37,0,784000
YlMh9x081_g,🤑 COSTO DE RENTAR ESTADIOS DE LA LIGAMX #futbol #ligamx,JorzugMX,2026-05-01 23:00:42,17,445961,3619,21,00:00:33,0,172000
i_oQhF8xN4Y,Entradas locas contra arqueros en la Liga MX,Shorts MXFUT,2026-04-28 23:09:58,17,680917,8599,47,00:00:47,0,15200
iZmx_wvE_v0,Epic Fight! Manny Pacquiao vs. Juan Manuel Marquez 4 - Highlights,Boksingero TV,2026-04-22 08:26:22,17,2480113,25360,265,00:01:47,3,179000
fImClY8Aqxg,Cómo una simple broma se apoderó de todo el estadio,StageXclusive,2026-04-27 16:30:28,17,2128243,33884,27,00:00:36,0,126000
nfm_7ZGoI1E,TIGRES 3-1 CHIVAS | Tigres pegó primero en los Cuartos de Final | Con México C26,LIGA BBVA MX,2026-05-03 04:52:16,17,201260,1458,331,00:08:56,25,1410000
d2kvhHD11u4,Este CHICO intentó ROMPER un BALÓN ADIDAS y uno NIKE 😳😱,PanchitoDiez,2026-04-30 19:00:00,17,709425,24647,274,00:01:02,0,120000
JsmwvAxbScI,Solo Ronaldo el Fenómeno podía hacer ESTO con el balón 😱  #ronaldo#futbol,FútbolGolazo,2026-05-02 10:00:35,17,846189,14413,65,00:00:56,16,47700
7r78bgtCkkE,Canelo congratulates Munguia #boxing,The Main Event ,2026-05-03 04:31:54,17,562583,3301,99,00:00:11,0,22700
h98yb--OFFc,"Munguía, con la bendición de Canelo, listo para el México contra el mundo | #Shorts",ESPN KnockOut,2026-05-03 18:38:23,17,350488,3182,72,00:00:16,13,140000
bG2xVN0sE7c,POLÉMICO EMPATE. AMÉRICA REMONTA ante PUMAS. Efraín Juárez dejó vivo a Jardine | Futbol Picante,ESPN Deportes,2026-05-04 04:08:30,17,200542,1824,474,00:14:58,31,6910000
UwMbu8dt_Ww,Fueron claros penales para el América; los 2 estuvieron bien marcados contra Pumas,Vicemon,2026-05-04 03:15:02,17,168760,2362,124,00:00:36,0,29000
KaLg5l1RKRs,Nadie Puede VENCERLO  #shorts,Daelni,2026-05-01 05:16:53,17,841177,42303,488,00:01:41,0,486000
z2vsInVzhYs,Tutorial de como fazer cera no futebol - Halland Machester City,GamerPro,2026-04-20 22:26:35,17,3702272,34794,500,00:00:58,4,105000
uZ4vWN0r0W4,yamal,Futbol Activo 2.0,2026-05-02 23:17:45,17,1365391,52963,206,00:00:42,11,1000000
Vgy1IK-niks,FUTBOL PICANTE COMPLETO 🔥 | ¡BOMBAZO! ¿Alineación indebida del América ante Pumas?,ESPN MX,2026-05-04 04:24:07,17,197696,1857,371,01:03:01,29,151000
lvKhIMW_xgM,¿PORQUE JORDAN OCULTO EL LOGO DE REEBOK? #nba #baloncesto #basketball,Frankie Basket,2026-05-03 19:38:31,17,498166,10474,55,00:00:47,0,405000
zI2asaER_TA,LAFC 2-1 TOLUCA | RESUMEN | CONCACAF | SEMIFINAL DE IDA,Somos Fox,2026-04-30 05:05:55,17,455381,2461,400,00:07:23,7,806000
GmJG1moS_N8,Arda Güler Lo Logró... ❤,JASSOCCER,2026-05-03 15:18:01,17,415276,0,8,00:00:25,9,131000
MLzzI0FlHDg,Korea Selatan vs Meksiko - Piala Dunia 1998,FootHD,2026-05-01 12:00:44,17,516868,7121,177,00:01:34,3,24400
yAIzf1ExfDY,🔥ACUSAN ALINEACIÓN INDEBIDA al AMÉRICA ¡PUMAS VA A PROTESTAR!. #ligamx #clubamerica #pumas,diegobonti,2026-05-04 06:00:00,17,239868,5883,788,00:01:05,0,271000
GyYzoqp7zHk,PUMAS BUSCA ALINEACIÓN INDEBIDA🔥TOLUCA PREFIERE LA CONCACAF🟥DAVID MEDRANO NOTICIAS #futbol,David Medrano Oficial,2026-05-04 05:57:00,17,181529,4167,631,00:08:36,14,229000
8UiEUzmAuh8,El que rie de ultimo rie mejor #futbol #fútbol #futebol #soccer #shorts #shortvideo #short #fyp,TuFanatico,2026-04-24 22:00:22,17,1116292,14129,228,00:00:25,0,40500
RQbTecitVps,Canelo was HYPED for Munguia 🗣️ #shorts,DAZN Boxing,2026-05-03 04:09:00,17,586984,5539,152,00:00:16,0,5010000
EZeH0f5T74k,El ÚNICO PORTERO elegido 5x en el MEJOR 11 de la FIFA🧤🐐,Futbol de leyendas,2026-05-03 14:21:43,17,697231,8975,71,00:00:19,0,139000
cRyTRMoTG-0,AND THE NEEEEEWWW!🇲🇽🏆 @ElAbrahaham,DrissSensei,2026-04-27 02:02:02,17,1948653,65974,751,00:00:27,0,80000
HAZnOFY1Rbs,ASÍ SERÁN LAS CAMISETAS DE BRASIL EN EL MUNDIAL 2026 🐸🇧🇷,Juego Balón,2026-05-01 19:39:43,17,702581,30414,181,00:01:03,25,807000
a3TaSSV3KUE,Por más “Efraín Juárez” en el futbol mexicano… #pumas #mexicansoccer #chivas #seleccionmexicana,Jóvenes Futbolistas MX Oficial,2026-04-30 14:03:26,17,306824,4897,98,00:01:45,0,70700
1MYDnajHCY4,ADIVINA EL JUGADOR ⚽️ | #Futbol #Soccer #Football,La Chicharra,2026-04-29 00:57:15,17,921640,47474,198,00:01:51,0,132000
I1fFKPyCuwE,Tu Amigo que se va al equipo rival ⚽️,MIAN CAM,2026-05-01 00:45:25,17,884590,16300,26,00:00:25,0,1650000
isHC7AJagQ0,"Like Father, Like Son...🥶💀",Asım,2026-04-29 17:01:04,17,16477093,131823,478,00:00:33,0,119000
E1fKGS85a2w,La frase: Aquí tiene que aprender a robar ✨#volleyball #pov #voleibol,SamuJQ,2026-05-03 21:00:11,17,266891,11575,36,00:00:16,0,26100
COWzdF0Rl14,Jugadores de la LIGA MX que DEBUTARON gracias a su PAPÁ: Santiago Márquez #deportes #futbol #ligamx,Fútbol X,2026-04-29 20:23:27,17,369680,1745,40,00:00:44,0,26600
n7Y7LbTnmls,La potencia de Cristiano Ronaldo 💀,ReaccionesJavliyo,2026-04-27 19:52:10,17,1644319,27450,594,00:01:21,0,49800
qAah4le5LZs,ASÍ EMPATARON PUMAS Y AMÉRICA en la LIGUILLA de la LIGA MX ¡3 A 3!,Once Inicial,2026-05-04 01:24:21,17,189448,1150,14,02:31:50,25,868000
ViAuXobpD6Y,Cuando Ronaldo hace la broma del indigente,Football Guest,2026-05-03 12:30:42,17,410535,15162,807,00:00:43,0,422000
fkXngLacDv0,CHAVEZ SR AND OSCAR DE LA HOYA FACE OFF ONE LAST TIME! #benavidezzurdo,Xicana Boxing,2026-05-01 01:06:46,17,716436,6130,312,00:00:18,7,19500
B4uM5r671eI,‼️CANELO ARRIVES TO T-MOBILE ARENA TO SUPPORT JAIME MUNGUÍA!!,Supreme Boxing,2026-05-03 01:58:17,17,398070,3432,87,00:00:19,0,61100
cqbPxBMrJOY,ELIMINADAS | TIGRES VS TOLUCA 1-2 (2-4) | RESUMEN | Cuartos Vuelta 2026 | LIGA MX FEMENIL ,Roman Guevara,2026-05-04 03:10:05,17,79107,523,164,00:18:09,34,124000
lv5PnyVHNCs,Por qué la Champions de este año podría ser bañada en Oro,Alamina Futbol,2026-05-02 19:00:44,17,537080,19210,125,00:00:41,0,2350000
xTVDIKEu_Tw,¿Cuánto tienen SIN GANAR lo EQUIPOS en Liguilla los TORNEOS ACTUALES?🏆😱️📉,TopWorldTrendsESP,2026-05-02 03:01:07,17,198920,3679,145,00:01:27,29,14700
QB6-QBjIfm8,AMERICA VS PUMAS REACCION / CREW COMPLETO / SE VA DESCONTROLAR,Mike Maquina del Mal TV,2026-05-04 01:49:12,17,129357,3123,221,02:47:50,0,151000
io-ygAOExJM,Un jugador distrae al portero y provoca un error decisivo en un tiro libre,El ADN del Gol,2026-04-26 12:01:14,17,1632650,44139,53,00:01:16,7,33900
JkWuixRMtP8,Gol😭 #futbol #gol #portero #highlights #arquero #viralvideo #matchday #atajadas #soccer #partido,Atajadón de Thiago,2026-05-03 14:30:14,17,298525,1281,34,00:00:11,0,86500
2iwRGp3LwA4,EN VIVO | América vs FC Juárez | Cuartos de Final del Clausura 2026,LIGA BBVA MX FEMENIL,2026-05-03 00:17:11,17,194336,1903,10,02:47:37,19,191000
OMFyqlQNueY,Step or Slide ⚽🔥 | Mbappe 🆚 Ronaldo#football #soccer #ronaldo,A&M STARS,2026-05-03 15:30:20,17,1863510,51965,280,00:00:18,16,492000
ZCpywNShPDE,El Momento Más Confuso Del Golf ⛳ #shorts,Andrés Andel,2026-05-02 16:33:23,17,486642,8179,18,00:00:48,0,3130000
9sRQ3i5LTX4,REAL MADRID BARCELONA 2011 🔥,OVERTIME TV,2026-04-27 13:45:07,17,12894098,207818,832,00:01:55,0,128000
52kFdLIXyF8,Porteros Mexicanos 🇲🇽 #porterosdefutbol #arqueros,Christian segador ,2026-05-01 14:17:02,17,558706,9730,496,00:00:25,0,160000
241Ww8agPzM,Así era la Liga MX la primera vez que el Atlante estuvo en 1era división,La Gambeta Mexico,2026-05-01 21:05:57,17,195152,5705,63,00:02:27,14,516000
vvXgFwNjyVc,세계에서 가장 끈적한장갑 vs 기름공 누가이길까요?,GKR 지케이알,2026-05-02 00:47:04,17,8789827,79700,293,00:00:39,7,135000
iwt675JcZls,유럽축구 심판 알바한 썰,스토리비빔밥,2026-05-02 05:00:46,17,3778735,37922,198,00:00:40,10,26800
IrNipO-KJ4g,다이소 야구용품 내구성 테스트 (야구공 &배트),야신야덕,2026-04-28 19:45:03,17,6074445,43946,397,00:00:43,7,340000
zyT9gXpp1Rc,큰 그림 그리는 포수,야구채널S,2026-05-03 23:01:05,17,1659704,3419,367,00:00:10,3,51200
Q4VWVXGESsM,"""안우진은 MLB에서 통할 것인가""  feat. 손건영 해설 위원",알쓸야구,2026-05-02 13:15:07,17,1862440,11582,1121,00:00:22,64,46800
S2JCc3qvbRs,얼굴만 보고 시비털면 안되는 이유..?! #명현만 #복싱 #mma #종합격투기,영과의순간,2026-04-29 05:04:14,17,3727395,29116,1489,00:00:56,0,17900
-_scJaikfQs,국내에서 딱밤이 가장 쎈 두 선수의 대결이라는데,올라잇정진압도원모어살자제발,2026-05-01 09:00:00,17,2145950,24012,528,00:00:34,1,10600
ZWPCNDeSlG0,심리전 고수 투수 #야구,미니팩트,2026-05-02 09:00:45,17,1140199,3219,75,00:00:13,0,10900
zslGmJWsiA8,아스날 역사상 최고의 아우라 | 벵거 올드트래포드 퇴장 장면,CHAN FOOTBALL VIDEO,2026-05-01 09:01:26,17,2318520,17749,510,00:00:31,0,20800
M_Mu01cg4Kc,NFL 선수 보내버린 재능 꿈나무의 실력,하오문,2026-04-29 09:01:36,17,2582746,25034,374,00:00:16,0,28000
NPzpT_kNpTY,최홍만 때문에 금지된 기술,펀치연구소,2026-04-29 11:44:04,17,2179203,19873,1224,00:00:52,0,16600
AXSCZyLVlC4,훈수의 결말 #테니스 #윔블던 #스포츠,매거진 시크,2026-04-30 22:00:12,17,1714895,13963,114,00:01:27,0,106000
lbaaxqXyKCU,F1 상식을 깬 페라리의 신기술,애슬레틱 라이프 Athletic Life,2026-05-03 11:00:00,17,1018981,4968,184,00:00:44,0,154000
5aaRPCjc9Zw,얼마나 이기고 싶은지 감도 안옴,스포츠포스,2026-04-30 15:39:47,17,1525162,10634,146,00:00:17,0,15900
8TqKJYEdQpU,상대의 방심을 이용한 독일의 킥오프 심리전술 #축구,운동부누나들,2026-04-30 09:49:50,17,1651932,11082,471,00:00:34,0,28600
u_fOi52gpmM,토레스 900억 일시불 골 사건,FOOTstory,2026-04-30 02:50:02,17,2314830,10863,693,00:01:01,0,31600
ApmeoFylgAM,"이승우: 억울해요, 안 찼다니까요!!😡",JUN STUDIO,2026-04-30 08:39:24,17,2086655,16363,1416,00:00:22,6,56600
phOIcGS8wYU,포수가 놓칠만큼 솟아오르는 김병현의 마구,스포츠 메이트,2026-04-26 07:21:47,17,4149124,20613,609,00:00:27,9,50500
_DwfN7NC8CM,동료의 믿음에 보답한 선수,형멋져,2026-04-29 06:06:30,17,1847114,15017,211,00:00:42,0,11800
_r2ZhvQCmsQ,그 세레머니 ☠️💔,히어로북 Hero_Book,2026-05-03 11:30:24,17,723626,4528,307,00:00:11,3,12100
nyWGOYDgipU,프로야구 2026 시즌 4월 베스트 시구(남자편) #야구 #프로야구,더블스틸  DOUBLE STEAL,2026-04-25 12:09:00,17,3927482,13645,408,00:00:24,0,17400
QxOIWWfk8Eg,망연자실,별의별것,2026-05-01 22:56:35,17,1247761,12723,202,00:00:10,0,178000
9t8WBI2djVg,[프리미어리그] 35R 아스톤 빌라 vs 토트넘 2분 하이라이트,쿠팡플레이 스포츠,2026-05-03 22:00:00,17,666942,5370,1686,00:02:33,0,805000
Tvw0OXmXaOA,연간 30억 투자한 뇌를 가진 복싱 선수,격투기탐구생활 Champion Life,2026-05-01 15:28:05,17,1049528,6900,298,00:00:21,0,227000
ZZi_lEvLUhM,빛바랜 이정후 9회 역전타 (05.01) #Shorts,스포타임,2026-05-01 02:00:00,17,1510522,10253,333,00:00:26,37,1000000
xwMVN4cpPog,호날두는 절대 못하는 메시 플레이,BALL&SPORTS,2026-04-30 02:15:28,17,981564,1294,132,00:00:38,0,16400
1Jfx7KfAjQc,뛰어난 BQ로 상대선수 낚아먹는 오재원,쌍방울,2026-05-03 13:00:02,17,696801,4790,151,00:00:41,0,11300
98AgUjs-NSE,투수할 때 진심인 외야수,야구마구,2026-04-29 09:00:11,17,1386390,14962,189,00:00:39,0,17500
MwdXWYze8m8,라마시아 출신 유망주의 미친 심리전,슛됐다,2026-04-30 10:27:57,17,987912,7944,180,00:00:14,0,258000
uFkv9QFL2uU,팀원의 기가 막힌 수비에 감탄사 내뱉는 외인선수,야구한입,2026-04-29 12:50:01,17,1160538,4782,152,00:00:17,0,13700
E_PaYK9uSc0,오늘 경기 끝나고 '눈물을 보였던' 삼성 양우현...,맛있스포츠 Deliciousports,2026-05-03 10:52:46,17,719765,5003,1001,00:00:12,0,15800
dS0HbW2Ur2o,손흥민한테 농락당한 수비수들 😭,크볼Z,2026-05-01 23:00:00,17,966087,14388,178,00:00:25,0,53200
ea7JKM4JDrE,치명적인 단점,가보장 TV,2026-05-03 02:11:00,17,630792,2686,199,00:00:14,0,69200
gSec6oubUd8,"축구 역사상, 역대급 복수극 🤫ㅋㅋ#여자축구 #축구복수 #참교육",HGTV [짧은인생 즐겁게],2026-05-02 12:01:14,17,571344,3029,64,00:00:13,0,163000
GdABOCEWcYU,감아차기가 막힌 손흥민의 놀라운 행동,들었어?,2026-04-28 10:11:00,17,1439150,6477,58,00:00:30,39,228000
e82OYuaTzV0,볼을 가지고 노는 보법이 다른 손흥민 개인기 수준,뜨거운김치,2026-04-30 13:24:18,17,746299,7840,136,00:00:23,0,47000
sovbKzCCBzo,택시기사 폭행남 사이다 참교육,몬스타즈,2026-05-03 03:00:52,17,344140,2377,265,00:00:38,10,76100
aJpUR_kYLyQ,이승엽 레전드 번트,코야구,2026-05-02 10:10:01,17,437143,2724,72,00:00:16,0,12900
U5Tg9vy1ZTI,육상선수의 기발한 매트 훈련,쓱포츠,2026-05-01 09:00:48,17,670852,845,8,00:00:18,0,10500
dWvIM98azYw,[UFC] 잭 델라 마달레나 vs 카를로스 프라치스,tvN SPORTS,2026-05-02 15:50:00,17,560198,7416,3644,00:22:21,56,930000
9phWQFB6opg,자밀 워니 vs 스테판 커리 논쟁 종결 #농구,농구분석가 농떼르만 [김진용],2026-05-03 03:19:38,17,468443,0,654,00:01:22,16,20200
Walis4Z0wxY,[한화 vs 삼성] 5/3 경기 I 2026 신한 SOL KBO 리그 I 하이라이트 I TVING,TVING SPORTS,2026-05-03 08:33:43,17,405524,4456,1416,00:18:27,0,512000
57spn3OJ8kg,이게 왜 불문율이야? #최지훈 #류현진,야구로망,2026-04-30 11:41:03,17,927980,3196,845,00:00:11,0,11700
UYfIVFbCtV8,볼이 발보다 높을 때 이렇게만 따라하면 무조건 잘 맞아요,이용성프로 [스윙레시피],2026-04-28 23:25:01,17,1081014,2842,12,00:00:15,0,113000
Or3ee00hrcE,옛법택견을 얼마나 알고 계신가요?,Master Hwang TV,2026-04-30 11:30:17,17,700846,8287,784,00:01:03,0,62200
-VIDCdp2NH8,메이저를 우승한 대기자 9번,YAPLA_GOLF,2026-04-30 12:00:00,17,759257,6123,113,00:00:48,12,98900
uWHEUlxHb1M,[MLB] 요즘 윌 스미스가 거침없이 챌린지를 쓰는 이유! (04.29),SPOTV,2026-04-29 05:15:53,17,1008874,6824,208,00:00:33,2,2210000
Jrx_o_7jSwM,골드바 두 번 꺼냈더니 일어난 반전 상황 ㄷㄷ #shorts,숏포츠,2026-04-20 16:42:38,17,5827484,44036,1031,00:00:23,0,15900
cGbQWnGsoXc,요즘 개발된 사기 운동,JASON MEDIA,2026-05-02 15:15:23,17,417313,3764,112,00:00:12,0,564000
nEXElaglcMo,첼시의 대단한 선택! 레전드 챔결 승부차기 (맨체스터 유나이티드 vs 첼시 / 2008. 5. 21. / 챔피언스리그 결승),축나잇,2026-04-28 09:01:04,17,1183222,7136,309,00:01:01,97,69700
aYOWIo8rcf0,엄마 몰래 ‘월클’ 유니폼 샀어요,JK 아트사커 온라인,2026-05-03 04:22:39,17,474323,5200,77,00:00:43,6,944000
VmZ6200DBBo,김혜성 홈 밟기 직전… 오타니가 아웃된 충격의 9회말  #야구  #mlb #오타니 #김혜성,스포티(SPOTEE),2026-04-30 12:22:40,17,835998,3918,170,00:00:50,0,55100
OpjsmnH5NSw,선생님 말씀 잘 들어야 하는 이유!,SKLIKE,2026-04-26 09:00:27,17,1687361,2176,83,00:00:21,0,107000
r4t32dw2CR0,김동현 이길 수 있다고 말하는 고석현의 최후,오른손수면제,2026-04-25 12:45:08,17,1850821,17657,387,00:00:44,10,13100
BuGV0DO0cuM,롯데도 이런 야구를 합니다?,짤카바,2026-05-01 19:11:55,17,570401,7335,202,00:00:30,19,15900
OiInu7lm41E,김남일 빠따 제대로 치는 법 알려주는 정근우??,안정환 19,2026-04-21 12:00:00,17,3659555,11791,315,00:00:37,4,642000
Uzr8A6n-OUo,손흥민이 교체투입 되자 벌어진 일,축진도,2026-05-03 13:16:42,17,274036,2442,18,00:00:15,0,16500
XuKVpafr148,제대로 폼 미쳤는데 에바네,공치는명훈이,2026-05-01 03:00:00,17,541262,569,40,00:00:21,34,202000
qGMzo7SzoQg,투수들이 보면 환장하는 장소 #야구,야구윙,2026-04-28 03:00:53,17,932155,2812,101,00:00:10,0,11200
nEz0OkdAo-Y,수원 더비 관중석에서 벌어진 최대 미스테리,풋볼 파이터,2026-05-04 04:54:05,17,234805,1690,247,00:00:38,0,10500
JlHkV8KYltE,오타니가 사이영상을 못 받을거라는 진짜 이유,야구노트,2026-04-29 06:05:01,17,939857,5905,963,00:00:31,0,28200
Ut5NneEbSsk,손흥민 샌디에이고 4조원 재벌 타겟 되자 LAFC 초긴장 상황! 사우디급 백지수표 예고에 미국 발칵 ㄷㄷ,어나더 뉴스,2026-05-01 06:15:01,17,546524,6086,104,00:00:30,12,30900
6-W3NK5eDb8,여기 영상 진짜 주인공은 캐디님 #golfswing #골프쇼츠 #캐디 #백돌이골프왕,골린이,2026-04-29 02:00:09,17,577952,428,169,00:00:29,0,20800
eEzQxD0GXog,"퍼팅이 들어갈 때와 안 들어갈 때의 차이?OK 받느냐, 못 받느냐의 차이. #퍼팅 #심짱 #심스펙 #퍼터",SIMZZANG [심짱골프],2026-04-27 03:17:52,17,552642,963,73,00:00:23,0,369000
Uhv95BqcK40,우승자가 보여준 품격 #골프,골때녀_골프공때리는녀석,2026-05-04 01:25:22,17,218295,1009,51,00:00:29,0,20700
MSmY7z9x6Ps,프라치스 : 보너스 받을려고 JDM 안 끝내고 일부러 경기 질질 끌었다,잡생각,2026-05-03 04:43:15,17,399231,4290,302,00:00:26,54,123000
8aZ-Il6QDtA,마카체프가 연승 분쇄기? 프라치스는 맷집 분쇄기다 ㄷㄷ,돌섬,2026-05-03 07:41:38,17,340930,3587,320,00:00:23,3,91100
5m3z9fyESzc,15초만에 배우는 복싱 풋워크의 모든 것 #복싱,벅시,2026-04-29 14:00:09,17,961208,9690,72,00:00:18,0,35100
bI0gjEvSXG0,이강인 위한 음바페 놀라운 그것! 파리생제르맹,아크써클_축구,2026-04-26 05:45:13,17,1229849,9369,151,00:00:17,29,30900
iR4A22xwNgQ,5타 줄이는 아이언 ‘손바닥 옆을 보여준다’👍🏻 #골프 #골프레슨 #아이언스윙 #아이언레슨,진근커플 jingeuncouple,2026-05-02 12:29:36,17,337845,1781,20,00:00:43,0,84500
N5Rq7Z1JYak,결혼식 마친 신혼부부의 행선지⚾두 분의 아름다운 시작을 크보도 응원합니다💌,KBO,2026-05-02 08:38:24,17,343136,1736,198,00:00:18,20,449000
Ws5yHAamU-0,조회수 100만회 #boxer #boxing,꼰투TV (Korea boxing tv),2026-04-27 09:49:54,17,719471,1565,82,00:00:26,0,48500
GzNcRE3BZaM,벙커샷 그냥 내려치면 안돼요!!,스윙천재 김민준,2026-05-03 11:20:29,17,185465,285,2,00:00:29,0,42000
IxfKhbvs0tY,드라이버 이걸모름 치킨윙처럼 당길수 밖에없습니다,닥치고스윙 김준년프로,2026-05-02 09:05:39,17,278418,2055,20,00:00:43,14,325000
mXGkzrhbaCc,‘활동량 적은 선수’에 포함된 음바페 😳,싸커스토리 (후반전),2026-05-02 06:15:04,17,344117,3052,138,00:00:31,3,57800
qNf6THg9LDw,박세리와 구독자의 당황스러운 골프 레슨,세리 TV - SERI TV,2026-04-28 09:01:10,17,728955,3433,44,00:01:04,17,409000
KU7SSkspF8M,간만에 빵터지는 당구해설ㅋㅋㅋㅋ #조명우,이제는 조명우시대,2026-04-30 06:32:41,17,321131,870,16,00:00:13,0,57600
lDRC0XjWQRw,1vs1 최초 바이시클킥,이거해조 원희형,2026-04-28 08:00:50,17,729918,9646,226,00:01:05,14,460000
i_swAFU_EO4,챔스 준결승 역대 최다 득점 경기 ㅋㅋㅋㅋ,SPOTV 오리지널,2026-04-29 01:13:03,17,975105,7271,576,00:03:00,0,536000
OXPtkjZ3eG4,맥그리거와 스파링 하면 생기는 일 l EP.2 아일랜드 전지훈련,매미킴,2026-05-04 10:01:02,17,442058,9050,2220,00:38:04,31,1180000
POWaVKfdPfw,[박지빈프로] 이영상 30번 보고 따라하면 드라이버 연습끝 #골프 #골프스윙 #골프스타,한국골프TV,2026-05-04 12:21:40,17,98652,1106,25,00:00:42,0,42400
Nbwf77mOCYE,'끝내기 홈런',불방맹이TV,2026-05-04 00:53:28,17,218956,2931,133,00:00:22,36,135000
41zfo-CwXjY,'대이변' 중국 꺾고 주먹 불끈 #shorts,SBS 뉴스,2026-05-04 02:37:31,17,179938,2142,43,00:00:50,26,5190000
e8lC8TLTq0s,"송구중인 구본혁을 덮친 박건우👀이학주 : ""만지면 안됩니다"" | 석연치 않은 판정에 구본혁 염감독의 이유 있는 항의 (lg트윈스 vs NC다이노스 2026-0503)",네카,2026-05-03 06:15:43,17,268388,1601,238,00:00:39,0,21100
rIVH7fVkT2w,There’s only one pair of shirts you need. South Africa #football #footballshirt #soccer #goat,Matchday,2026-04-28 18:05:20,17,891082,24630,594,00:01:11,0,45300
jxg0qyvJAlM,Junior Springboks vs Australia | U20 Rugby Championship | Highlights,Official Springbok YouTube,2026-05-04 06:53:38,17,149573,2218,214,00:06:04,5,109000
eqHa4CH3G9A,Ndamane Mistakes Could Cost The Champions League | Mamelodi Sundowns3-0Polokwane City |Junior Khanye,iDiskiTV,2026-05-03 16:20:34,17,54661,1571,419,00:15:15,9,320000
bur2MqCM6MY,When Neymar Gets Bored 🥱,CTfootball,2026-04-30 14:01:10,17,9110347,104417,201,00:00:24,0,109000
CK45HoAui5M,SAKA STRIKE AND A GYOKERES DOUBLE | HIGHLIGHTS | Arsenal vs Fulham (3-0) | Premier League,Arsenal,2026-05-02 21:00:11,17,1271718,20654,906,00:02:00,0,5360000
OZESlhVTtNA,"Sit In Front, Win My Brother’s Shirt!",Thogden,2026-04-28 15:34:01,17,6463708,95861,396,00:00:52,0,2520000
cAnyHZpcYdQ,Rate these bicycles kicks from 1-10,Dribble Kings,2026-05-02 09:21:33,17,3942754,54622,636,00:00:50,10,179000
iy9PWTvHXlk,Speed Proved To Ronaldo With This Goal 😱,Shorts Narration,2026-04-30 19:00:42,17,1177823,29511,1261,00:00:34,11,68300
GZiuKrz2s0s,You won’t believe this free kick 😳 #football #soccer #fyp #shorts #goals #science,RankIt5,2026-05-03 20:49:14,17,181631,2686,33,00:01:07,0,22700
xUoIILSvos4,"HIGHLIGHTS | New Zealand U20 v Argentina U20 | U20 Rugby Championship, 2026",All Blacks,2026-05-03 19:35:23,17,126731,1506,310,00:12:35,4,1350000
rFKiNCj1Av0,Water shower pranks 💦😂,GoalAntics,2026-04-24 05:32:00,17,24009425,164608,121,00:00:44,0,2510000
h5o0Icj44sg,LIVE | World Athletics Relays Gaborone 2026 - Day 2 | SportyTV,SportyTV,2026-05-03 15:50:05,17,62494,795,33,03:29:01,18,2200000
qqAOAVQodo8,Highlights: Manchester United 3-2 Liverpool | Szoboszlai & Gakpo Goals in Premier League Defeat,Liverpool FC,2026-05-03 21:01:00,17,547680,7379,747,00:02:12,31,12200000
95O_SPqtM7M,Mamelodi Sundowns v Polokwane City | Match in 5 Minutes | Betway Premiership,SuperSport,2026-05-03 15:16:12,17,32268,510,33,00:05:05,3,5120000
oz3onQGlVvU,Crazy nine-goal thriller in Paris! | PSG - FC Bayern | Champions League Highlights 🏆,FC Bayern München,2026-04-28 22:00:00,17,2537663,26531,1261,00:02:00,8,5420000
TBDzDcYOj0s,Kids Knows The Goat 🐐🤯 #football #neymar #messi #funny #ronaldo #mbappe #trending #kids #choose #fyp,Futsoul,2026-04-26 15:08:42,17,10533933,137336,1507,00:00:48,0,1220000
Q_1ou-g9IY0,TRIED TO DISRESPECT CR7 & FAILED 😂 #ronaldo #cr7 #alnassr #alahli #demiral #cristianoronaldo #goal,Matty FC,2026-04-30 10:26:48,17,1334721,54278,1435,00:02:57,0,109000
Y9N2qERNEr4,Goal of the Month | Apr 2026 | F. Relebohile Mofokeng Vs Golden Arrows,PiratesTV,2026-05-01 18:35:17,17,26014,146,0,00:00:27,3,235000
MQHuufoVoeM,De Jong VS Lehmann VS Yamal VS Mbappe VS Neymar VS Messi VS Ronaldo,Football Life,2026-04-29 13:30:20,17,10907887,59168,102,00:00:26,0,7730000
Wgd9cqKVz3o,No player has ever done this,Pêche Football,2026-04-30 17:40:24,17,1291222,74213,512,00:01:18,0,591000
Bs8GSNfBSmw,Messi Thought Ronaldo Is a Superhero 🔥,Beside the Legend,2026-04-30 16:21:53,17,615700,5412,10,00:00:27,0,23200
0E7zGcO9D4M,No one can match Neymar's Skills,DX10HD2,2026-04-30 08:00:00,17,3597927,68500,805,00:01:00,41,169000
f96srrKnkAg,Team Yamal vs Team Ronaldo ⚔️ Pick Your Side!,FOOTBOT,2026-04-25 16:22:24,17,14677121,77729,183,00:00:28,0,5530000
FJjnD-p-p6s,Aston Villa 1-2 Tottenham Hotspur | Premier League Highlights,Aston Villa Football Club,2026-05-03 23:30:08,17,567029,8513,422,00:04:26,17,777000
AvAuHdq0JHY,Une première manche COMPLÈTEMENT DINGUE ! PSG - Bayern Munich,PSG - Paris Saint-Germain,2026-04-28 22:01:28,17,554897,10017,376,00:01:39,45,10100000
rGkupvAxiUo,Ronaldo & Junior's Best Moments..🥹❤️‍🩹,YEOFTBL,2026-05-03 09:00:00,17,2060715,19068,95,00:00:26,13,1640000
UZW_vGpBFpI,SEBELEBELE!!!!  #orlandopirates #football #southafricanfootballclub #kaizerchiefs #soccer,Tendo PAIN SA,2026-04-26 17:32:18,17,161657,0,51,00:00:30,0,77300
5FWzQ2yBTrU,When Lookman Found His Place 🥹🔥,GoalFX,2026-04-28 20:41:26,17,1770513,53134,103,00:00:54,23,423000
RzLQt9Ja1uY,Thierry Henry Really Compared Olise With This Player 😭‼️,FUTVERSITY,2026-04-29 23:01:51,17,1443190,38980,1115,00:00:32,0,78100
PLvGE_RxUQ0,Mainoo Decided The Game Himself 😤,Premier League,2026-05-03 22:00:21,17,841269,23824,351,00:00:24,22,9540000
lIGJpYYQ6m0,William Last KRM ⚽️🚀,Diski Domain,2026-04-29 16:10:35,17,161271,2240,20,00:00:18,4,193000
RkSPYWFSnh4,Players Getting Cooked 💀 Pt.2,Blade Sports,2026-05-04 06:04:05,17,1889185,0,40,00:00:25,2,1260000
lD5s8ZXNjr4,They in their prime 🥶💀 subscribe for more edits 🔥💀,C7Rftbl,2026-04-29 18:00:50,17,1878788,34369,179,00:00:56,0,69700
QMilbmpFO0A,Mafokeng Should have had a penalty here Ndlovu reckless? #kaizerchiefs #orlandopirates #sowetoderby,Rifumo_M1,2026-04-28 01:51:49,17,103831,501,78,00:00:16,0,31500
eYYeOfnuQ8Y,VIVE DESNUDO😂 #balanza #futbol #teambalanza #elreydelabalanza #antisecos #potrero,TEAM BALANZA,2026-04-30 00:57:06,17,2219705,51341,271,00:00:25,0,133000
-eGdUuaALJM,BOCA VOLVIÓ AL TRIUNFO CON GOLES DE VELASCO Y MILTON GIMÉNEZ | #CentralCórdoba 1-2 #Boca | Resumen,TNT Sports Argentina,2026-05-02 21:34:55,17,738564,5869,467,00:15:28,15,1530000
GRlJ4JV0-s4,¿EL MEJOR PARTIDO DE LA HISTORIA DE LA CHAMPIONS LEAGUE? | PSG 5-4 Bayern Munich | RESUMEN,ESPN Fans,2026-04-28 21:12:06,17,7302096,148062,9939,00:17:54,30,8810000
P7bNl-SPUaA,¿Puedes encontrar el ERROR? 🤨,Santiago Tosini,2026-05-03 22:18:59,17,458004,4408,680,00:00:31,0,445000
H-ZB1AlL4PE,A GUILLERMO todavía LE DUELE esta PATADA de PALERMO#argentina #futbol #martinpalermo #bocajuniors,Cliptonita,2026-05-03 07:36:05,17,356478,7784,142,00:00:59,0,54600
ncNBOVvAhn0,CRUZEIRO VS. BOCA | FASE DE GRUPOS | PARTIDO CON IMÁGENES | LIBERTADORES 2026,Telefe,2026-04-29 02:43:49,17,1131121,14408,122,02:30:31,28,7820000
FKZyI3KpwN8,"""EU, VINISTE BOLUDO""🥹",Olé,2026-05-03 19:04:36,17,362011,6997,275,00:00:17,0,275000
_hjOTKGxd0o,BRAZIL VS ARGENTINA FIFA WORLD CUP SONG 2026 #football #worldcup #edit  #footballchallenge,IZ-Editz,2026-04-27 12:44:30,17,7637318,0,2140,00:00:59,0,62600
J-0QBNCAqc0,El cara a cara con Messi vs Arabia 😤🐐,Messi D10S del Fútbol,2026-05-01 22:00:21,17,605323,7399,316,00:00:14,8,54200
khIKquZEC2U,¡EL PARTIDO DEL AÑO! PSG le ganó 5-4 al BAYERN MUNICH de Luis Díaz | Resumen | Champions League,ESPN Deportes,2026-04-28 20:57:22,17,4421502,58096,4579,00:19:44,26,6910000
JivHo8tgrAo,Adivinaron? 🤣⚽️ #futbol #messi #mundial #humor,Edson FDB,2026-05-02 15:28:11,17,851179,8301,1043,00:00:13,0,3460000
PWSPVUEcgGg,PARA LOCO NO TE CALENTES 😅 #futbol #uruguay #fútboluruguayo #latam,Santiago Leiva,2026-05-01 16:00:42,17,306456,6202,464,00:00:36,0,143000
R3uXkqBve8o,JUGADORES DE NBA SIENDO RECHAZADOS!!! #nba #baloncesto #basketball,Frankie Basket,2026-05-02 17:58:31,17,935107,39092,93,00:00:54,0,405000
7J4JUZqcesg,Secretos..#futbol #tips #professor #soccer #tecnica #clases #deporte #play #datos #sport #fut #fe,DT Gabriel Villalba ,2026-05-03 01:07:43,17,709319,6975,48,00:00:20,0,392000
9CSrkdkX_vE,Top 3️⃣ hinchas Argentinos🇦🇷🔥🤣 #futbol #topgoles #championsleague #argentina,Fabianangarita10🎙️⚽️,2026-05-01 23:57:00,17,148478,3180,53,00:00:35,0,17700
Do8PYBAJdmg,¡𝙉𝙀𝙔𝙈𝘼𝙍 𝙇𝙇𝙀𝙂𝘼 𝘼 𝘽𝙊𝘾𝘼!?🇧🇷🟡🔵 Revolución total por el fichaje del crack de Brasil al Xeneize,Boca Contra Todos,2026-05-03 20:00:15,17,252723,8733,398,00:01:00,17,80400
F2YGTpHsC3A,✅ ANTONELLI se QUEDÓ con el GRAN PREMIO de MIAMI | 8VO LUGAR para FRANCO COLAPINTO 🏎️🔥,Deportes Al Taco,2026-05-03 18:52:03,17,332799,3221,13,01:36:54,16,1000000
jqgUXRJc4_0,"🗣️ ""UNA FINAL ENTRE ARGENTINA Y BRASIL SERÍA ESPECTACULAR"" 🇦🇷🇧🇷🏆",TyC Sports,2026-04-29 14:32:01,17,541850,17779,365,00:00:48,10,3190000
eG4CMWcZZ6w,Lautaro Martínez: 'Montiel no me dejo patear',FUTBOLERO ,2026-04-25 22:21:16,17,983981,19934,75,00:00:34,0,10300
kJtVkXdy_4E,FRANCO COLAPINTO y JUAN MARTÍN DEL POTRO en la previa al GP de MIAMI | FÓRMULA 1 ®,Fox Sports Argentina,2026-05-03 16:48:56,17,148819,4342,70,00:01:34,11,184000
IP5_2Lzf21E,Maradona Fútbol Total ⚽ #argentina #maradona #diegomaradona #futbolargentino #napoli #afa #futbol,Matías Bonaventura,2026-04-27 01:35:26,17,628750,9767,230,00:00:26,0,14500
ZfQhS2kqp_c,La brutal pegada de Nahuel Molina  🚀🔥,Futbol AB,2026-05-03 00:00:39,17,184773,5006,57,00:00:30,0,84100
T6tfS6M-WT0,¿Traerías a este argentino de la LIGA MX a River? #riverplate #ligamx #futbolargentino #futbol,Punto Fútbol,2026-05-03 22:00:23,17,101840,2225,43,00:00:51,11,205000
14opnrv7bHA,¿Fue el Dibu Martínez el mejor portero del Mundial? 🧤⚽️ Comenta SÍ o NO 👇,CeLa Ohana,2026-05-02 11:30:01,17,549790,2809,86,00:00:15,19,49700
GjK8JAJbNyU,🔴 GP Miami EN VIVO | Fórmula 1 2026 CARRERA EN VIVO 🏎️ ¡Corre Franco Colapinto!,La Casaca Futbol,2026-05-03 18:55:48,17,235552,1577,14,04:06:26,36,791000
FQYTG1GMQb8,"""ORTEGA ES LO MÁS GRANDE QUE VI"" Ramón Díaz #futbol #ortega #ramondiaz #arielortega #riverplate #fyp",Corazón Hecho Pelota,2026-04-27 21:16:55,17,488949,9179,224,00:02:22,0,94400
nU7bcM5RdZY,“Schiavi tenía licencia para pegar”,Grito Sagrado,2026-05-02 21:00:00,17,112414,1414,12,00:00:42,12,145000
6-XU2SadmO0,KAKOCHO BRAIDA se divierte en BOCA PREDIO 😮‍💨🔝 | #BocaJuniors #Boca #Braida,El Canal de Boca,2026-05-04 17:54:15,17,45140,1288,42,00:00:15,20,353000
8_YKW3CENx4,"🗣️ Antonelli, tras vivir el sueño de conocer a Messi",DAZN ES,2026-05-03 20:22:17,17,106955,1877,20,00:00:13,7,1400000
wSpxL1KWX7Y,Los intentos de Cristiano cuando lleve 999 goles,Javibridgee,2026-04-30 17:03:42,17,1122829,32751,91,00:00:35,0,218000
4_ypK5O9T7E,Que opinas de esto?? / Seguime 🤍 #futbol #futbolargentino #river #riverplate #bocajuniors,VivoxRiver,2026-05-04 01:03:22,17,61188,875,98,00:00:16,0,18200
SQrfw3PNq70,🔴GP MIAMI EN VIVO: CARRERA CON FRANCO COLAPINTO SUMANDO PUNTOS IMPORTANTES | FORMULA EXTREMA,FORMULA EXTREMA,2026-05-03 19:17:03,17,204684,5166,1,06:06:45,0,71200
JARO98GrmEk,¿Qué le pasó al PIPA HIGUAÍN? 😱| Gonzalo fue VIRAL por foto en ESTADOS UNIDOS #Futbol #Argentina,LasCronicasDeJoaqo,2026-05-03 01:30:26,17,278514,9321,1114,00:02:11,0,1170000
VGqi5dZFtFk,DAVOO XENEIZE OPINA DE CENTRAL CORDOBA 1 BOCA 2 - APERTURA 2026 (FECHA 9),Davoo Xeneize,2026-05-03 01:38:12,17,161660,7861,346,00:24:54,0,868000
QAp9fbKGjzU,Metaaa🔥 #futbol #goalkeeper #atajadas #accident #portero #highlights #partido #matchday #humor,Atajadón de Thiago,2026-05-01 23:30:07,17,535833,4329,59,00:00:18,0,86500
1aTOtMV0QkY,Adivina el dinero 💶💰 @davisuuarez  #dinero #futbol,Futbolcontemo,2026-05-01 14:42:45,17,824237,37312,92,00:01:42,0,604000
gEq9owPPIyA,Absolute Chaos in LaLiga 2 😱🤯,Pro Skiller,2026-04-27 15:59:00,17,8997262,0,746,00:00:23,9,1200000
WCl7XZfYpxg,🚨 GP de MIAMI EN VIVO 🔥 CARRERA - Corre COLAPINTO 🏎️ - Fórmula 1 en vivo - Corre Checo Pérez,Nico Brizio,2026-05-03 18:54:35,17,261636,4177,15,04:00:25,0,29000
kixPkF7umCI,Día 9 intentando marcar 20 penaltis,Reysa 2,2026-05-01 18:30:00,17,673912,16736,144,00:00:43,29,412000
u94BBHlM_K0,SCAPPIAMO VIA ! #kingsleague #summercamp #education #children @KingsLeagueIT,coach okei,2026-04-30 17:01:24,17,2366742,53224,527,00:01:36,0,477000
E_Xy1uAwns4,Ho Battuto il Record di Tamberi con questo Salto! Non ci credo 😧,Diego Crescenzi,2026-05-01 18:00:25,17,875393,8947,33,00:00:13,45,185000
TKxk812o5hU,PSG-Bayern Monaco 5-4: gol e highlights | Champions League,Sky Sport,2026-04-28 21:23:22,17,1630704,30244,3357,00:05:28,2,981000
1lNBXU-pKBg,TIFOSO OCCASIONALE o TIFOSO VERO con una SUPER TIFOSA dell’INTER!⚫️🔵 #shorts #inter,Stick Headz,2026-05-02 12:00:03,17,750603,21063,101,00:01:38,32,200000
4aFBzqAPiEE,"""𝘿𝙖𝙞, 𝙛𝙞𝙨𝙘𝙝𝙞𝙖𝙖𝙖𝙖"" 🤩Thuram fa partire la festa 😎Chivu e Calhanoglu 🥹🫂",DAZN Italia,2026-05-03 21:01:33,17,489653,8603,298,00:00:14,2,1250000
tMWlmESM_FI,HA BARATO davanti alla sua AVVERSARIA alle OLIMPIADI!,Lollo News,2026-05-03 12:01:23,17,335240,10092,28,00:00:39,17,1480000
Ig58skXMIB0,Alexander Zverev scherza così con Jannik Sinner durante la cerimonia di premiazione 😅,Sky Sport Tennis,2026-05-03 17:29:59,17,334396,5242,135,00:00:48,3,115000
c8eLQOp8hTc,QUANTO CONTA MILAN-JUVE,Prime Video Sport IT,2026-04-26 08:30:17,17,1727432,20808,452,00:00:23,0,614000
UuS3S2mABRc,SE I SUPEREROI GIOCASSERO A CALCIO... 😱⚽️💥 #calcio #supereroi #gol #spiderman #fedfreestyle #gol,Shorts di Fed,2026-05-03 08:08:36,17,282260,8599,108,00:01:12,0,250000
3P5zFUQuiXI,Por la mañana ☕,Inter,2026-05-03 23:13:07,17,292008,9952,146,00:00:20,19,7120000
0lziKREA74M,INTER CAMPIONE D’ITALIA 🇮🇹 - Parodia,Gli Autogol,2026-05-04 11:23:40,17,256722,10416,324,00:01:35,14,2160000
-q0aEzyTi4g,Come la Juve sta costruendo la squadra dei sogni con trasferimenti a parametro zero. 😳😰,MondoCalcio,2026-05-04 13:30:00,17,158682,4743,96,00:00:35,0,117000
i6n_0e27ykI,30 April 2026,Matteo Tersillo,2026-04-30 12:34:00,17,416035,16798,116,00:02:03,0,99900
Gz7NU0nU8kE,Ma le PARTITE di SERIE A iniziano precise alle 15:00?  #calcio #seriea,Talox,2026-04-30 11:15:01,17,439955,11291,27,00:01:06,17,394000
d5XfugB3_pw,"F1, GP Miami: gli highlights della gara, quarto Gran Premio della stagione",Sky Sport F1,2026-05-03 19:25:56,17,108825,1247,150,00:03:46,5,226000
5DvD9n0P6TE,THURAM HAS BEEN DOING THIS ALL SEASON #InterScudetto #Scudetto2026 #Thuram,Serie A,2026-05-03 23:00:04,17,223224,3452,52,00:00:12,33,10300000
HiFoPx8i8xI,Inter Campione d'Italia * Dimarco non dimentica: Ci davano fuori tra le quattro di Champions.,Inter Milano Video & Opinioni,2026-05-04 04:45:01,17,146915,2420,80,00:00:13,34,55600
X-IeleOgJoc,Riassunto della semifinale di Champions League ⚽,Salotto Var,2026-04-30 11:12:18,17,402896,12406,25,00:01:02,0,38200
nDIbKNbZPSk,Tagga il bro🥰⚽️#Footballpov #football #skillscrewfc #calcio,SKILLS CREW,2026-04-29 11:51:08,17,434420,11290,148,00:00:17,0,314000
_SZxVCS2Qn0,Quale scegliere tra questi due? ⚽😳,Nistok,2026-04-30 17:30:17,17,234361,2424,18,00:00:33,0,170000
oZ-TWL7flyE,Shooting challenge vs Materazzi 🔥,MoAliFC,2026-05-03 10:30:34,17,417053,4258,18,00:00:17,0,618000
1BHORot0m9A,CALCIATORE O NO? LA NUOVA SFIDA IMPOSSIBILE 🚨,1vs1,2026-05-04 11:19:29,17,86835,4527,13,00:01:21,29,68900
bMCrU5La0F8,La TOP 11 di Iaquinta! Pareri?! / Voto da 1 a 10? Chi cambiereste? #calcio #juventus #juve #Iaquinta,Marco Mazza,2026-05-03 09:03:03,17,101439,1729,65,00:01:33,0,32200
uPPmO-ljoRA,DDR E CASSANO NELLO SPOGLIATOIO ⚠️ #vivaeltour #sanremo #derossi #cassano #roma #adani #ventola,Viva el Futbol Official,2026-04-23 16:34:08,17,1312818,15929,178,00:01:42,1,140000
HwxGptQA7Ho,Jr İlker vs İlker 😅,Kadm Futbol,2026-04-30 16:41:14,17,4083356,25062,142,00:00:23,0,786000
l_3vu18bnJY,LAUTARO MARTINEZ ALLA JUVENTUS?😱🔥,Palladio,2026-04-28 13:10:33,17,368863,6794,82,00:00:34,30,109000
j6O4ZjlbGkA,😳A este TENISTA no le cayó muy bien su rival #tenis #tennis,Gacero,2026-04-29 13:58:41,17,613598,1313,80,00:00:15,0,25600
6CZ2uaaGAOM,Perché il Barcellona ha lasciato che Pedri entrasse in campo con il suo nome scritto completamente,HattrickHub IT,2026-04-28 13:19:24,17,322564,5396,10,00:00:37,0,17500
eouTpLh82rk,Sinner's Sliding Backhand 🔥,Sinner AEP,2026-05-02 15:32:44,17,489520,9314,40,00:00:37,0,115000
KsxVnh-CRFY,Anche la vostra? 😅🙋‍♀️ #soccer #football #funnyvideo #coach #funnyvideos #memes #meme #lol #funny,Globe Soccer crew,2026-05-01 10:17:15,17,194095,3383,3,00:00:20,0,48200
8GUmysFXyJw,Musetti made us cry 🥹,Internazionali BNL d'Italia,2026-05-03 17:13:02,17,165045,1704,33,00:00:35,0,15900
0MjuzMU0UEY,Cristiano Ronaldo ha picchiato suo figlio junior😱,LO SAPEVI CHE..,2026-05-03 16:34:38,17,83871,3080,96,00:00:38,0,481000
dYwr5zwvyXw,Lo hanno preso in giro 😮,Cuore del Calcio,2026-05-03 17:55:34,17,68160,0,6,00:00:19,0,41600
5Ce5-K6rJTM,Lautaro Martinez: Il rifiuto al Real Madrid e l'accordo con Simeone prima dell'Inter #storiedicalcio,Il Lato Nascosto del Calcio,2026-04-30 15:24:14,17,200476,3800,79,00:01:41,0,18400
7WIClr6TtK0,GUARDATECI MENTRE FESTEGGIAMO! CE LO MERITIAMO TUTTO! INTER-PARMA 2-0,Luca Mastrangelo,2026-05-03 21:13:59,17,87041,7399,1191,00:09:34,9,261000
cIPFN7qMgF0,"Gonzalo Higuain, che fine ha fatto? Un fan lo incontra a Miami: ora è irriconoscibile",Leggo,2026-05-02 10:30:33,17,97625,157,14,00:00:10,0,24600
Okww5uuyhEM,La migliore formazione combinata tra le semifinaliste di Champions ⭐️⚽️,La Gazzetta dello Sport,2026-04-28 17:07:00,17,255458,7274,98,00:02:41,6,136000
QKsyyiMVF-E,Il trucco di Simeone per pareggiare contro Arteta 🛡️ #AtleticoArsenal #ChampionsLeague #Calcio,Samuele Mandarò,2026-04-30 15:20:04,17,205010,5720,64,00:01:44,0,84400
whBpmW6ER1Y,Jaap Stam Was Terrifying💀,Magia do Drible Br,2026-04-30 03:01:05,17,3048745,26135,315,00:00:42,21,159000
3Ar87rUxaNM,Senpai Bruno combatte di Kyokushinkai a 61 anni #erwin,Erwin,2026-05-01 09:11:54,17,106942,2141,135,00:00:32,2,149000
dXHty5hUHK4,Milan vs Manchester Utd 2005 🤯,Joga Bonito BR,2026-04-26 16:40:11,17,8566687,104912,2176,00:00:47,0,904000
Pa6gQCfYy-I,World Cup… Who Wins It? 🏆🤔,Şahika Özkur,2026-05-02 16:00:39,17,2801036,10272,20,00:00:16,0,234000
JvwRe21bpzc,What Marta Kostyuk Did At Celebration? 🎾 #Shorts,SpinAce Tennis,2026-05-03 09:00:21,17,635503,4881,114,00:00:18,0,108000
Vj1CYgjS0zM,UNA FOLLE CORSA PER IL 4° POSTO 🔥,Oddschecker Italia,2026-04-24 07:08:31,17,746509,14333,81,00:01:00,9,21100
Oq7ttr79eXE,RONALDINHO 46 Years Old GOAT 😍⚽,90+Dinho,2026-04-21 10:21:03,17,12678640,65888,282,00:00:20,5,17600
TjlXBUAp010,Dove giocano ADESSO i giocatori dell’ultimo scudetto del MILAN?,FantaLab,2026-05-02 10:14:52,17,92756,1915,13,00:01:12,0,32800
kTKwMaIzI0c,Rainy Basketball Master 🌧️🏀 #asmr #basketball #rain,YASUOJAPAN / 飯島康夫,2026-04-23 19:31:10,17,2662424,44227,176,00:01:03,0,35300
OKqaZD_qpAg,Pedri ha mai avuto una fidanzata? ☠️ #pedri #fcbarcellona,Zona calcio,2026-05-02 06:06:09,17,85505,1996,2,00:00:35,0,16300
lpB7FBm_h5k,CLAMOROSO BAGATIN! Va in fuga solitaria e coglie la prima vittoria da pro al Giro di Turchia,Eurosport Italia,2026-05-01 17:45:01,17,107998,612,26,00:04:32,15,172000
06oWa-y46pM,"Alexander Zverev ""Sinner è molto meglio di Alcaraz""",TennisLegends,2026-05-03 16:49:06,17,111904,758,174,00:07:07,13,28100
U1u0Kp4WjhA,"😱 2019, ANCELOTTI: ""SO COSA VI SUCCEDE AL VAR”",Radio Radio Lo Sport,2026-04-28 06:42:04,17,234370,2034,138,00:00:46,15,12200
r-lm00hP2v8,Not even a stumble was going to ruin this moment for Cristian Chivu,beIN SPORTS Australia,2026-05-04 00:47:51,17,189460,2619,55,00:00:30,11,237000
Mq9szr89CXg,Wholesome Players & Mascots Moments ❤️,FULLTIME,2026-04-26 07:44:54,17,8231364,55237,29,00:00:19,12,1010000
IeF1BpXeafc,PENALTY SHOOTOUT | Juventus vs Inter Milan ICC 2019,Luffy project,2026-04-23 15:00:29,17,717567,7045,32,00:00:59,8,135000
iETjQI18gj8,GEOLIER IN CURVA A DURANTE NAPOLI CREMONESE | Guardatelo in mezzo ai TIFOSI,Spazio Napoli,2026-04-24 21:29:20,17,276336,1056,84,00:00:12,0,144000
sQEmGCbfZdc,😂 #football #perletti #soccer #sportpertutti #rugby #editcalcio #skills #penalty #sports #foot,Luca Martelli,2026-05-01 09:53:14,17,69832,482,10,00:00:13,0,18900
lU44GJegqQY,INTER CAMPIONE D'ITALIA! 🏆 SCUDETTO MERITATO?? - REAZIONE ai TIKTOK sul CALCIO ⚽,MikeShowSha,2026-05-04 12:15:11,17,64794,10420,226,00:22:42,35,3620000
LGnkeHahG_s,Jannik Sinner Championship Speech | Madrid 2026,Tennis Channel,2026-05-03 16:47:27,17,134311,1127,181,00:02:34,0,240000
yJXzVvsbQFc,🟨 LIVE 🟥 LA CONFERENZA STAMPA DI GIAN PIERO GASPERINI ALLA VIGILIA DI ROMA-FIORENTINA,AS Roma,2026-05-03 11:53:21,17,60384,1747,149,00:17:15,0,5400000
_EJDgpO024w,CA OSASUNA 1 - 2 FC BARCELONA | RESUMEN LALIGA EA SPORTS,LALIGA EA SPORTS,2026-05-02 21:02:37,17,1777219,26099,585,00:03:13,24,14400000
8ZyHKTpKTok,Así fue la amarilla a Alemao 🟨 #LALIGAenDAZN ⚽,DAZN Fútbol,2026-05-03 15:01:36,17,246595,2030,68,00:00:17,3,246000
DhYhy7e0Yxo,Un niño de 12 años dejó en ridículo a Federer 🤯,BiraFutball,2026-05-01 01:19:55,17,1496861,36094,58,00:01:01,0,127000
V6Cfn1zXyS4,La delicatessen de Luis Díaz,El Día Después por Movistar Plus+,2026-04-29 17:00:44,17,488183,6028,148,00:00:14,34,2360000
hucqmJekgBU,🤯 El cruce de cables de Andrada en el derbi aragonés... #HypermotionEnCayoTV,CayoTV,2026-04-26 21:00:40,17,1008111,5528,589,00:00:16,6,271000
ybxX7Nl3608,🪑🇪🇸 Una Mesa Y Cuatro Sillas Con Los Mejores Jugadores De España,POST UNITED,2026-05-03 14:01:26,17,261691,5584,153,00:00:51,0,1500000
q9InRaUUX_c,Mi PEOR ERROR como portero y mi FICHAJE por el Getafe #porterosdefutbol,Christian segador ,2026-04-29 14:44:21,17,857431,20146,162,00:00:34,0,160000
XQwYiwhT6lk,MOMENTO DE RESPETO EN LA NBA!!! #nba #momentosnba #baloncesto,Frankie Basket,2026-05-01 17:26:06,17,919492,17725,42,00:00:19,0,405000
5j4hvZlRxd8,🇺🇸 hooper me reta a 1vs1 #baloncesto #basket #basketball,EduGilTV,2026-04-30 16:42:02,17,478034,15212,124,00:01:01,0,51400
L1skjZyq1q0,MBAPPÉ EN SU JET NO LLEGA AL PARTIDO,NavFut,2026-05-04 13:45:28,17,128659,3285,96,00:00:34,0,38300
pg1Ga9bEKZU,El primer partido de Messi como falso 9,PEDRO EL INGENIERO,2026-04-30 18:25:18,17,745823,32002,248,00:01:35,0,385000
BNfmSToLkj0,Los árbitros españoles no son los peores 🤯,Proyecto Futbolteca,2026-05-01 11:05:39,17,295926,5589,376,00:00:36,3,206000
2W6bSN7QlE8,Lección aprendida 🤝 (con 22 años😅)Portero de Fútbol |,Detrece,2026-04-23 12:52:01,17,2665663,46021,233,00:00:12,0,261000
UYOu_HjeYwA,"El muro de España El secreto del doble pivote con Xabi Alonso,#futboleros #planetafutbol #busquets",Historias de Futbol,2026-05-02 11:15:03,17,192912,2440,86,00:01:01,24,66500
TGBsyyNhsuc,Mbappé no ganará el balón de oro nunca? #mbappe #realmadrid #mundial #balondeoro #deportes #shorts,Iván Faor,2026-05-01 17:32:24,17,846807,27447,651,00:00:43,0,1040000
tXVBGq5V57Y,El saludo más esperado del día! 👑😄 #RealBetisRealOviedo,Real Betis Balompié,2026-05-03 16:42:42,17,133675,1773,40,00:00:19,23,2700000
_fZ7JxwB_so,VINICIUS LE DICE ESTÁS LOCO AL ÁRBITRO,elperita,2026-05-03 21:26:05,17,160665,3158,180,00:00:26,23,111000
0eg8iueukLw,Lo lleva en la sangre,Erickcule,2026-05-03 17:41:45,17,143550,2263,61,00:00:15,0,10500
x_Wr9NSeNEA,"Paco González se rinde a la asistencia de Swedberg: ""Si la da Pedri o Iniesta...""",Tiempo de Juego COPE,2026-05-03 14:46:11,17,87403,361,17,00:00:11,15,545000
eLCun1WeU3w,¿Ser campeones de LALIGA este domingo o ser campeones en el Clásico? 🤔Ferran Torres lo tiene claro,DAZN ES,2026-05-02 21:18:22,17,142614,1953,73,00:00:11,7,1400000
U3PGjIkb_8A,"Era roja a Trent, tremendo lo de Gil Manzano, a El Hilali le corrigió el VAR y lo dejó en amarilla",Mesias FCB,2026-05-03 21:06:55,17,146190,1961,155,00:00:25,0,46700
i1vdjnwO858,¿Por qué el Barcelona es expulsado otra vez del Camp Nou? 😳😰,Zona Fútbol,2026-05-02 18:00:38,17,391491,5658,53,00:00:34,0,236000
4S4uroqfIwY,No es tan difícil eh madridistas #fcbarcelona #futbol #barça,Marc Culer,2026-05-03 16:44:02,17,289595,2151,262,00:00:10,0,125000
KqgfE1KsKHI,💥👉LUIS ENRIQUE DIJO ESTO TRAS IRSE MBAPPÉ AL REAL MADRID 🤯 YA LO TENÍA CLARO #shorts #futbol #psg,El Balón de Icaro ,2026-04-27 21:27:22,17,853552,9013,402,00:00:39,0,238000
LOaevvkDTsc,Lo que tiene que pasar para que el Real Madrid gane la liga? #futbol #realmadrid #laligaeasports,Rubikay,2026-05-03 21:47:51,17,137875,3052,140,00:00:50,0,1020000
DvWPoHD0GYk,Parte final 1| conseguirá remontar?? #basketball #baloncesto,Rubenrg4,2026-05-03 20:24:02,17,121524,4233,22,00:01:21,0,574000
nTG-hl4ciKE,ASÍ es PELEAR en TAILANDIA🇹🇭 siendo EXTRANJERO,ibelky,2026-04-20 17:32:18,17,1150444,44047,202,00:01:20,0,28700
AbaGmSFPHcM,BRUTAL ENGANCHÓN ENTRE SIRO LOPEZ Y ISAAC FOUTO POR EL CASO NEGREIRA Y LOS VIDEOS DE REAL MADRID TV,Chiringuito Audiovisual,2026-04-30 20:31:40,17,145949,625,20,00:00:18,68,50200
gk4MFKiwujE,Juanma Castaño alucina con el cuchillo de un aficionado del Atleti | El Partidazo de COPE,El Partidazo de COPE,2026-04-30 01:33:00,17,205955,1871,174,00:00:34,20,252000
iZQ26QKj0gA,​⚽️ ESPANYOL - REAL MADRID | CHIRINGUITO LIVE,Chiringuito Inside,2026-05-03 22:03:51,17,227115,1929,13,05:07:05,18,1530000
zVjmc40UqOo,La verdad que ocultan del Barça esta temporada #FCBarcelona #Barça #Futbol,Dani Quintana,2026-05-03 22:17:17,17,109447,3065,120,00:00:34,0,104000
9KBx4_nIH_k,El karma le pegó en la cara… 🤯,Fútline,2026-04-26 15:00:25,17,840853,16434,187,00:01:08,30,170000
JvDlz-DxTEA,🤔 ¿Por qué el VILLARREAL no renueva a Marcelino? 🟡#villarreal #laliga #futbol,Sergio Muñoz | Fútbol,2026-05-04 14:45:03,17,73899,4280,81,00:00:56,0,97200
nkXeG1Qx2pU,SD EIBAR 2 - 4 MÁLAGA CF | RESUMEN LALIGA HYPERMOTION,LALIGA HYPERMOTION,2026-05-02 21:16:25,17,55340,836,96,00:03:14,22,432000
9oWqhtsUygg,CUANDO EL EGO CONOCIÓ AL EGO ORIGINAL 🔥💀#cristiano #cr7 #españa #lamineyamal #portugal,EQUIS Y CETA ⚽🥇,2026-04-28 17:58:17,17,749613,18237,746,00:01:19,30,47300
YC-OQPRtDLE,¿Ha tenido alguna vez Pedri una novia? ☠️ #pedri #fcbarcelona,Zona futbolera,2026-05-02 06:06:54,17,195068,2434,9,00:00:34,0,37900
Pg78wgpIJVw,Cristiano Ronaldo y las bebidas: el gesto que lo cambia todo 💧🔥 #shorts #viral,Jiby_futbàll,2026-04-29 12:36:38,17,809523,19502,73,00:00:23,0,53200
Ahb1BZu6tw0,La Caída de Robinho: De Magia a Tragedia#futbol #fútbol #shorts#football #soccer #shortfeed #viral,anozbol,2026-05-03 15:35:42,17,196636,4775,50,00:00:44,0,35300
2Zt3QJKd6eM,Ademola Lookman still had a good game,FootyGist NG,2026-04-30 07:43:07,17,248493,2150,43,00:00:11,0,15400
ClJpl2YwXj8,MANCHESTER UNITED 3-2 LIVERPOOL ( Henry - NIGERIAN FAN REACTION) - Premier League 25/26,Football Fans Tribe,2026-05-03 19:20:21,17,65142,4124,293,00:22:21,7,384000
MEDgX12HNcw,Tiger was on his goat behavior with this one #tigerwoods #golf #highlights,Blitz Sports Media,2026-04-20 20:40:03,17,7059053,88291,2497,00:00:12,0,13800
wsr2fKfDsW8,Newcastle United vs Brighton (3-1) | 25/26 | Premier League - Game Highlights | SportyTV,SportyTV,2026-05-02 16:24:01,17,77928,1024,19,00:05:04,3,2200000
67fK8RxuOSM,THE SAMOAN WEREWOLF CANNOT BE CONTAINED! ⚠️⚠️⚠️⚠️⚠️ #SmackDown,WWE,2026-05-02 03:09:47,17,1934562,48207,393,00:00:50,24,113000000
-wzIDab4JAo,ATLÉTICO - ARSENAL : LE RÉSUMÉ COMPLET  - LDC 2025/2026 (1/2 Aller),CANAL+ Sport Afrique,2026-04-29 21:37:55,17,496072,9650,308,00:07:02,5,1530000
qZvyvk_JfVk,The Fake Shot 🥶,No.10 player,2026-04-29 10:52:55,17,3960486,92401,1930,00:00:23,0,720000
KzfNcTZ78Zs,"‘CRAZIEST FIGHT YOU WILL EVER SEE’ CARTER EFE vs PORTABLE | FULL FIGHT LAGOS , NIGERIA",Boxing King Media,2026-05-02 01:08:19,17,51844,620,160,00:08:16,0,1110000
n2Di0VqhiBQ,PSG vs Manchester United UCL 18/19,T7 Legacy,2026-04-26 19:39:00,17,3707415,0,470,00:01:30,0,90700
3-dbmWURlb4,On The Brink Of A Famous Upset | FC BAYERN - HEIDENHEIM | Highlights | MD 32 – Bundesliga 25/26,Bundesliga,2026-05-02 15:47:10,17,518373,6721,326,00:01:08,26,5630000
dVlZy5JBsDE,"Carterefe handled Portable like his Son, he embarrassed and dominated him in that fight",Adikastakes,2026-05-02 09:31:27,17,72514,4375,150,00:03:01,0,111000
GnkiifrVSx4,Kroupi and Rayan score AGAIN to see Cherries up to SIXTH | AFC Bournemouth 3-0 Crystal Palace,AFC Bournemouth,2026-05-03 17:11:50,17,206042,4242,98,00:02:28,10,256000
NKy39qAfKkA,Nigeria Falconets Second Goal vs Malawi U20 - 2026 FIFA U20 Women’s World Cup Qualifiers,Ademola Victor TV,2026-05-02 16:35:55,17,32579,404,14,00:00:31,0,141000
EuV71nIYKvI,YES YOU CAN! 😤 Arsenal Fans praying for an Everton Masterclass against City! #Shorts,Mate,2026-05-02 08:32:24,17,475830,0,327,00:00:14,0,234000
O9NbiX9e8qs,IT’S RONALDO AGAIN! 🔥 Al Nassr see off Al Ahli ⏱️ | Powered by Toyota,الدوري السعودي للمحترفين - Saudi Pro League,2026-04-29 20:42:05,17,2621531,49220,2158,00:09:40,18,678000
OrsJDfJKrUE,SHOCK 🔥A Poor Pεrformance. Thε Bluεs Dropped Points at Homε.,PIT BALL,2026-05-04 16:16:11,17,132564,1271,52,00:09:40,0,87300
M4pVeKKo87g,DAVID F**KING RAYA!!! 🤯🤯🤯 #arsenal #afc #davidraya #atleticomadrid #ucl,THE JAMAN GUNNER!! 🔴⚪,2026-04-30 15:00:42,17,233007,6168,252,00:00:33,0,12700
XzIr-HQxTgs,You’ve never seen The Beast run away so quickly! 🏃💨,WWE Vault,2026-05-01 18:20:01,17,4645771,49904,556,00:00:18,0,3900000
9-CKn5eQxi8,Barcelona REACH FINAL after 6-goal thriller vs. Bayern | UEFA Women’s Champions League Highlights,ESPN UK,2026-05-03 16:36:00,17,318052,5051,358,00:18:40,0,1490000
5F-uiOOM9CY,Inter Miami CF vs. Orlando City | Full Match Highlights | INSANE 7-GOAL THRILLER!,Major League Soccer,2026-05-03 01:43:21,17,1202769,20963,2715,00:10:33,31,2180000
mvozyvy2sM0,Man United book their place in next season’s Champions League after edging past Liverpool!,Stadium Astro,2026-05-03 16:48:06,17,334647,9656,93,00:00:34,13,1660000
omY5GQyd-aw,Carter Efe vs Portable Fight #viralvideo #funnyvideo,Fame Ebong Football ⚽,2026-05-02 06:40:11,17,25238,382,28,00:00:20,4,455000
rv3Jm7DPj3I,Mainoo Goal vs Liverpool,Manchester United TV,2026-05-03 16:20:28,17,89057,1191,14,00:00:18,0,79500
bBSuk3ZHUwM,Manchester United vs Liverpool 3-2 Highlights  Benjamin Sesko & Matheus Cunha & Kobbie Mainoo Goals ,Footballia,2026-05-03 15:09:47,17,695925,4169,84,00:05:11,0,336000
M7KXS4wq_OY,Portable vs. Carter Efe | Official Fight Highlights,DAZN Boxing,2026-05-04 12:33:14,17,25344,557,160,00:18:40,12,5010000
bTWALzHinG0,Thiago & Damsgaard net in West Ham win 🤩 | Brentford 3-0 West Ham United | Premier League Highlights,Brentford Football Club,2026-05-02 21:01:22,17,278920,4869,110,00:02:35,25,286000
SOGpv-eHukg,Thuram and Mkhitaryan Seal Inter’s Title Win | INTER-PARMA | HIGHLIGHTS | Serie A 2025/26,Serie A,2026-05-03 21:33:46,17,504080,11545,452,00:02:42,38,10300000
JxLAcYpZX1o,Man United in the Champions League Again 🤩💀,Playmakerz,2026-05-03 18:26:00,17,671090,19068,443,00:00:19,0,511000
ELRtcostscQ,Arsenal vs Fulham 3-0 Ian Wright Goes Crazy as Arteta Closer to the Title 🔥 6-Pts Gap in the Race,Senvik,2026-05-02 19:12:31,17,196397,2664,348,00:40:07,4,117000
jurm5RJ7O6Q,PSG vs Bayern Munich Extended Highlights | UEFA Champions League Semi-Final 2025/26,Nexus Football,2026-04-28 22:15:11,17,1477061,8929,282,00:08:12,14,245000
YhSjgXuJnIE,Newcastle United 3 Brighton and Hove Albion 1 | Premier League Highlights,Newcastle United,2026-05-02 21:00:28,17,291874,4980,154,00:02:25,4,933000
2pnYMqGU4sc,The real king of HARAMBALL?,DMac,2026-04-29 14:32:01,17,996891,37921,640,00:01:42,0,337000
-rVxjIgtlkA,Carrick turned the Big Six into training cones 😭🔥,FastplayHQ,2026-05-04 01:00:00,17,268261,0,77,00:00:36,0,118000
I57EhgGSvXM,Chelsea 1-0 Leeds United | HIGHLIGHTS - Extended | FA Cup 2025/26,Chelsea Football Club,2026-04-27 11:00:35,17,343195,6866,345,00:08:31,21,6330000
ToSxAnen8HM,How do you defend against this… 😮‍💨,UEFA,2026-05-02 11:00:48,17,938701,16109,222,00:00:12,0,6650000
lzA_qPDwwVc,EMIRATES LOSS | EXTENDED HIGHLIGHTS | ARSENAL 3-0 FULHAM,Fulham Football Club,2026-05-03 11:32:17,17,108696,1235,86,00:11:21,4,368000
rNa7DxGcJdU,"Chelsea vs Nottingham Forest 1-3 Highlights | Awoniyi & Joao Pedro Goals, Jesse Derry Injury",Fut Elite,2026-05-04 16:34:00,17,45549,256,13,00:05:12,0,1460000
HOcAz1FUxCk,"🚨💣 NEW SIGNINGS, MANAGER, 80 MILLIONS COMING, STRATEGY, CARRICK, BRUNO’S FUTURE: ALL IN UNITED!",Fabrizio Romano,2026-05-03 18:00:45,17,169513,6781,375,00:08:13,18,3000000
MDVjOJNdXPY,Real Madrid Passion Isn’t The Same😢,Fooftly,2026-04-25 01:17:34,17,6284145,136151,758,00:00:43,0,748000
MUu72188so4,Michael Olise Versus Entire PSG Team 🥶😳,FactsBall,2026-05-04 15:15:45,17,119127,5321,24,00:00:56,0,23500
4cKRfEk-Jto,Cole Palmer with two crucial blocks in the final moment of the match 💪,The Emirates FA Cup,2026-04-27 18:30:13,17,193072,6264,40,00:00:41,26,3300000
HOniVKl58mk,Stone Cold ruined Undertaker's dark wedding,Undertaker,2026-04-22 17:00:20,17,4964217,54507,154,00:00:56,0,302000
q91jizN7K-k,Huge win in battle for survival! | Leeds United 3-1 Burnley | Premier League highlights,Leeds United Official,2026-05-01 22:17:11,17,350924,6646,288,00:03:22,33,521000
tDN1bHBrbYQ,Dorgu is Back: Players arrival at Old Trafford ahead of Brentford game,MU Sports TV,2026-04-27 17:43:26,17,482824,0,77,00:01:37,0,105000
Hvm0T6_Vo4A,Galatasaray (3-0) Fenerbahçe - Highlights/Özet | Trendyol Süper Lig - 2025/26,beIN SPORTS Türkiye,2026-04-26 19:57:49,17,1346542,19607,1779,00:11:38,24,2690000
ETJV7AVXTU0,Who does Myles Lewis-Skelly remind you of? 🤔 #arsenal #arsenalfc #afc,Christian Tye Sports,2026-05-04 16:17:23,17,32788,868,144,00:00:41,0,19400
KlPICuv-DAM,Gyokeres PRANKS Gabriel Heinze 🤣,HaytersTV,2026-05-04 11:32:28,17,67481,1423,30,00:00:19,9,875000
2pbMLZhRuoM,FULL Penalty Shootout – Chelsea vs Villareal | Super cup final 2021,Luffy project,2026-04-20 12:00:05,17,602954,13867,46,00:02:13,10,135000
9Asze1yE4TI,Mukiele Scores As 10-Man Lads Earn Point | Wolves 1 - 1 Sunderland AFC | Premier League Highlights,Sunderland AFC,2026-05-02 21:00:05,17,95330,1540,40,00:02:47,13,195000
leo5G8mLVb4,"""Kompany took everything from me"" 🤯😂",All Out Football,2026-05-02 11:01:13,17,354647,4701,169,00:00:36,0,28600
kin8MugJVSc,Mistakes that make you Look bad ⚽️⚽️,AllAttack,2026-05-02 16:26:30,17,531066,16490,65,00:01:42,0,3690000
JWiLM5-KeKo,5 THINGS From Arsenal 3-0 Fulham!,Bhavss14,2026-05-03 01:22:32,17,91051,4799,86,00:00:59,4,253000
